,Datum,Tmit,Sges,Rges
0,01.01.2012,"12,1",0,"5,7"
1,02.01.2012,"8,3",0,"3,0"
2,03.01.2012,"8,2",0,"2,8"
3,04.01.2012,"6,8","0,7","5,7"
4,05.01.2012,7,"0,5","17,4"
5,06.01.2012,"5,8","0,7","2,9"
6,07.01.2012,"6,7","0,2","4,1"
7,08.01.2012,"6,3","0,1","5,6"
8,09.01.2012,"7,4",0,"1,7"
9,10.01.2012,"8,1","0,7","0,0"
10,11.01.2012,"9,2","0,5","0,0"
11,12.01.2012,8,"0,1","4,8"
12,13.01.2012,"4,8","4,2","0,0"
13,14.01.2012,"4,4","3,5","0,0"
14,15.01.2012,"2,6","7,1","0,0"
15,16.01.2012,"0,6","7,8","0,0"
16,17.01.2012,"0,6","7,2","0,0"
17,18.01.2012,2,"1,9","9,2"
18,19.01.2012,"6,9",0,"16,1"
19,20.01.2012,4,"0,6","7,0"
20,21.01.2012,"6,3",0,"7,5"
21,22.01.2012,"6,7",0,"0,9"
22,23.01.2012,"5,2","0,6","2,4"
23,24.01.2012,"3,5",3,"0,0"
24,25.01.2012,"3,1","2,6","0,0"
25,26.01.2012,"3,3","0,3","0,4"
26,27.01.2012,"3,8","6,8","0,0"
27,28.01.2012,2,"4,7","0,0"
28,29.01.2012,"-0,2",0,"0,0"
29,30.01.2012,"0,4",0,"0,0"
30,31.01.2012,"-1,9","7,9","0,0"
31,01.02.2012,"-5,2","8,3","0,0"
32,02.02.2012,-7,"8,5","0,0"
33,03.02.2012,"-7,2","3,1","0,0"
34,04.02.2012,"-6,8","7,7","0,0"
35,05.02.2012,"-6,1","8,1","0,0"
36,06.02.2012,-6,"8,6","0,0"
37,07.02.2012,-8,"6,4","0,0"
38,08.02.2012,"-3,8","7,6","0,0"
39,09.02.2012,-4,"0,4","0,0"
40,10.02.2012,-4,"8,9","0,0"
41,11.02.2012,"-6,2","9,2","0,0"
42,12.02.2012,"-4,2","0,1","0,0"
43,13.02.2012,"0,4",0,"2,5"
44,14.02.2012,"3,1","0,1","3,8"
45,15.02.2012,"4,4","0,1","0,2"
46,16.02.2012,"4,4",0,"1,9"
47,17.02.2012,"5,6",0,"0,8"
48,18.02.2012,"7,5",0,"3,1"
49,19.02.2012,3,5,"1,7"
50,20.02.2012,"1,6","4,9","0,0"
51,21.02.2012,"4,9","4,6","0,0"
52,22.02.2012,"6,2","5,7","0,6"
53,23.02.2012,"7,9",0,"0,3"
54,24.02.2012,"9,5",0,"1,4"
55,25.02.2012,"7,1","0,4","0,2"
56,26.02.2012,"6,1",0,"0,9"
57,27.02.2012,"7,2","0,5","0,1"
58,28.02.2012,"8,8",0,"1,5"
59,29.02.2012,"10,6",0,"0,0"
60,01.03.2012,"10,3",0,"0,1"
61,02.03.2012,9,0,"0,0"
62,03.03.2012,"9,4",0,"0,0"
63,04.03.2012,"9,5","1,1","11,3"
64,05.03.2012,"6,2","1,1","0,2"
65,06.03.2012,7,"4,1","0,0"
66,07.03.2012,"4,5",0,"12,1"
67,08.03.2012,"5,1",2,"3,5"
68,09.03.2012,"7,2","5,4","0,0"
69,10.03.2012,9,0,"0,4"
70,11.03.2012,"9,9","0,2","0,0"
71,12.03.2012,"7,2",0,"0,0"
72,13.03.2012,"8,3",0,"0,0"
73,14.03.2012,"8,2","4,1","0,0"
74,15.03.2012,"10,1","10,9","0,0"
75,16.03.2012,"13,1","10,7","0,0"
76,17.03.2012,"10,6","0,2","0,1"
77,18.03.2012,"9,2","0,1","1,3"
78,19.03.2012,"7,6","10,5","0,0"
79,20.03.2012,"8,2","9,6","0,0"
80,21.03.2012,"10,7",11,"0,0"
81,22.03.2012,"13,4","11,2","0,0"
82,23.03.2012,"13,8","11,1","0,0"
83,24.03.2012,"14,1","11,1","0,0"
84,25.03.2012,"13,8","11,8","0,0"
85,26.03.2012,"12,8","11,9","0,0"
86,27.03.2012,"12,8","11,4","0,0"
87,28.03.2012,"13,5","11,6","0,0"
88,29.03.2012,"9,8","2,8","0,4"
89,30.03.2012,"9,2","1,2","0,5"
90,31.03.2012,"7,7","0,9","0,0"
91,01.04.2012,"5,8","9,4","0,0"
92,02.04.2012,"7,5","3,7","0,0"
93,03.04.2012,"11,2","5,8","0,2"
94,04.04.2012,"9,8","1,3","0,0"
95,05.04.2012,"7,1",0,"0,0"
96,06.04.2012,"7,7","6,1","2,9"
97,07.04.2012,"5,6","1,4","0,1"
98,08.04.2012,"6,4","10,2","9,2"
99,09.04.2012,"8,2",0,"10,7"
100,10.04.2012,"10,8",0,"4,2"
101,11.04.2012,"10,2","8,6","0,7"
102,12.04.2012,"8,7","3,3","2,4"
103,13.04.2012,"7,9","5,8","0,0"
104,14.04.2012,"8,8","3,6","4,4"
105,15.04.2012,"7,2","0,2","0,0"
106,16.04.2012,"6,2","6,9","0,0"
107,17.04.2012,"6,8","9,9","1,3"
108,18.04.2012,9,5,"4,0"
109,19.04.2012,"10,6","4,6","0,0"
110,20.04.2012,"10,2","6,8","1,7"
111,21.04.2012,"8,8","4,8","2,0"
112,22.04.2012,"8,4","4,3","3,2"
113,23.04.2012,"9,7","6,7","0,8"
114,24.04.2012,"9,1","2,6","5,1"
115,25.04.2012,"10,5","5,5","7,3"
116,26.04.2012,"12,5","1,4","1,0"
117,27.04.2012,"13,1","2,9","4,1"
118,28.04.2012,"17,7","6,3","0,0"
119,29.04.2012,"16,5","4,2","0,0"
120,30.04.2012,"17,7","9,1","4,1"
121,01.05.2012,"16,9","4,9","0,0"
122,02.05.2012,"15,4","1,8","3,8"
123,03.05.2012,"13,9","1,8","0,0"
124,04.05.2012,"15,6","9,6","6,3"
125,05.05.2012,"8,8",0,"4,9"
126,06.05.2012,"8,1",0,"1,0"
127,07.05.2012,"10,1","6,2","0,0"
128,08.05.2012,"15,8","7,3","0,6"
129,09.05.2012,"16,9",2,"0,5"
130,10.05.2012,"20,6","1,6","0,2"
131,11.05.2012,"17,6","0,7","2,5"
132,12.05.2012,"10,2","7,2","0,0"
133,13.05.2012,"9,3","12,4","0,0"
134,14.05.2012,"13,1","14,7","0,3"
135,15.05.2012,"9,4","2,9","9,4"
136,16.05.2012,"9,1","7,9","0,3"
137,17.05.2012,11,"12,1","0,0"
138,18.05.2012,15,"4,2","0,0"
139,19.05.2012,"17,8","10,2","0,0"
140,20.05.2012,"18,5","6,7","25,8"
141,21.05.2012,"19,7","7,9","0,0"
142,22.05.2012,"21,6","12,7","0,0"
143,23.05.2012,20,"7,4","0,0"
144,24.05.2012,"22,9","14,7","0,0"
145,25.05.2012,"20,3","15,5","0,0"
146,26.05.2012,"20,6","15,5","0,0"
147,27.05.2012,"20,5","12,2","0,0"
148,28.05.2012,"21,1","14,9","0,0"
149,29.05.2012,"18,2","12,7","0,0"
150,30.05.2012,"18,6",13,"0,0"
151,31.05.2012,"17,7","2,6","2,8"
152,01.06.2012,14,"1,8","0,0"
153,02.06.2012,14,"14,1","0,7"
154,03.06.2012,"10,3",0,"14,0"
155,04.06.2012,"11,1","0,9","6,9"
156,05.06.2012,"12,3","11,5","1,0"
157,06.06.2012,"13,9","3,2","9,1"
158,07.06.2012,"18,3",4,"0,4"
159,08.06.2012,"17,6","9,3","1,1"
160,09.06.2012,"14,8","9,4","0,0"
161,10.06.2012,"16,2","13,3","0,0"
162,11.06.2012,"15,9","3,1","4,1"
163,12.06.2012,15,"2,6","0,4"
164,13.06.2012,"13,4","1,6","0,0"
165,14.06.2012,"14,8","4,8","0,0"
166,15.06.2012,"16,4",2,"13,8"
167,16.06.2012,16,"0,8","1,2"
168,17.06.2012,"17,3","13,2","0,0"
169,18.06.2012,"17,6","5,2","0,0"
170,19.06.2012,"17,8","2,7","0,6"
171,20.06.2012,"18,2","2,5","1,0"
172,21.06.2012,"19,4","3,7","1,3"
173,22.06.2012,"17,1","7,5","0,0"
174,23.06.2012,"17,3","7,8","0,0"
175,24.06.2012,"15,4","0,3","6,7"
176,25.06.2012,"15,6","3,6","0,5"
177,26.06.2012,"16,6","10,5","0,0"
178,27.06.2012,"18,8","1,6","0,2"
179,28.06.2012,"23,7","6,9","3,3"
180,29.06.2012,"20,1","3,2","3,0"
181,30.06.2012,"20,8",11,0
182,01.07.2012,"18,4","10,6",0
183,02.07.2012,"17,2","9,1",0
184,03.07.2012,"20,1","8,7",0
185,04.07.2012,"23,1",12,0
186,05.07.2012,"22,6",7,"7,1"
187,06.07.2012,"20,8","4,6","0,3"
188,07.07.2012,"20,2","9,9","0,3"
189,08.07.2012,"18,4","3,1","16,8"
190,09.07.2012,"18,5","7,7",0
191,10.07.2012,"18,7","5,5",0
192,11.07.2012,"15,3",3,"6,9"
193,12.07.2012,"15,8","6,3","7,9"
194,13.07.2012,"15,4","1,4","5,2"
195,14.07.2012,"14,6","2,3","14,5"
196,15.07.2012,"15,3",2,0
197,16.07.2012,"14,6","1,4",7
198,17.07.2012,17,"2,1","3,1"
199,18.07.2012,"19,6","5,1",0
200,19.07.2012,"17,1","3,1","0,2"
201,20.07.2012,"16,1","1,2",0
202,21.07.2012,"15,4","6,8",0
203,22.07.2012,"15,8","12,3",0
204,23.07.2012,"19,4","15,2",0
205,24.07.2012,"21,9","14,9",0
206,25.07.2012,"23,9","14,2",0
207,26.07.2012,"24,5","12,8",0
208,27.07.2012,"23,8","9,1","11,8"
209,28.07.2012,"19,6","0,9","0,2"
210,29.07.2012,18,"9,9","4,5"
211,30.07.2012,"15,7","6,2","0,1"
212,31.07.2012,"17,4","4,4",0
213,01.08.2012,"22,5",13,0
214,02.08.2012,"21,1","3,7",0
215,03.08.2012,20,"10,7",0
216,04.08.2012,"19,9","7,2","1,3"
217,05.08.2012,"19,8","5,2","5,5"
218,06.08.2012,"18,4","7,1","0,2"
219,07.08.2012,"17,5","5,3",0
220,08.08.2012,"17,5","9,2",0
221,09.08.2012,"18,5",6,0
222,10.08.2012,"16,5","12,5",0
223,11.08.2012,"17,3","11,5",0
224,12.08.2012,"19,8","14,2",0
225,13.08.2012,"21,4","10,5",0
226,14.08.2012,"21,3","7,8",16
227,15.08.2012,"23,9","8,6","13,5"
228,16.08.2012,"20,6","10,7",0
229,17.08.2012,"22,8","12,5",0
230,18.08.2012,"26,2","13,7",0
231,19.08.2012,"28,6","12,1",0
232,20.08.2012,25,"5,9","0,3"
233,21.08.2012,"23,8","8,9","0,6"
234,22.08.2012,"19,9","6,5",0
235,23.08.2012,"18,9","13,4","1,8"
236,24.08.2012,"19,3","7,9","3,8"
237,25.08.2012,"19,6","5,2","2,1"
238,26.08.2012,"16,3","0,6","12,3"
239,27.08.2012,"17,7","12,2","0,1"
240,28.08.2012,"20,1","6,4",0
241,29.08.2012,"20,9","10,1",0
242,30.08.2012,"18,2",5,"0,3"
243,31.08.2012,"13,9","0,8","4,1"
244,01.09.2012,"14,2","9,3",0
245,02.09.2012,"16,2","9,4",0
246,03.09.2012,"16,7","2,8",0
247,04.09.2012,18,"12,3",0
248,05.09.2012,"17,4","6,3",0
249,06.09.2012,"14,9","6,7",0
250,07.09.2012,"16,7","12,1",0
251,08.09.2012,"18,6","12,3",0
252,09.09.2012,"21,2","12,4",0
253,10.09.2012,"21,2","7,3","0,5"
254,11.09.2012,"17,5",0,"8,7"
255,12.09.2012,"12,7","4,2","1,1"
256,13.09.2012,"11,9","0,1","0,2"
257,14.09.2012,13,"2,2","1,5"
258,15.09.2012,"14,6","3,9",0
259,16.09.2012,"15,3","10,9",0
260,17.09.2012,"14,9","1,7",0
261,18.09.2012,"14,9",3,0
262,19.09.2012,"11,5","6,5","0,2"
263,20.09.2012,"10,9","8,4",0
264,21.09.2012,"12,1","3,5",1
265,22.09.2012,"11,6","6,7",0
266,23.09.2012,12,"0,7","4,7"
267,24.09.2012,"15,8","1,3","13,4"
268,25.09.2012,"13,8","0,3","6,2"
269,26.09.2012,"13,1","0,3","1,8"
270,27.09.2012,"13,6","3,8",2
271,28.09.2012,"13,5","3,7","0,2"
272,29.09.2012,"12,3","4,3","0,2"
273,30.09.2012,"10,5","10,9",0
274,01.10.2012,"12,5","10,6",0
275,02.10.2012,"13,7",0,1
276,03.10.2012,"14,5","1,7","22,3"
277,04.10.2012,"11,6","2,6","11,5"
278,05.10.2012,"12,9","0,1","9,2"
279,06.10.2012,"12,3","0,8","4,5"
280,07.10.2012,10,"6,6",0
281,08.10.2012,"9,8","7,3",0
282,09.10.2012,10,"7,4",0
283,10.10.2012,"7,8","7,5",0
284,11.10.2012,"9,7","9,8","0,5"
285,12.10.2012,12,"0,9","6,8"
286,13.10.2012,"9,9","0,9","7,6"
287,14.10.2012,"8,4","1,3","0,1"
288,15.10.2012,"9,5","3,9","0,5"
289,16.10.2012,"8,9","2,3","2,2"
290,17.10.2012,"11,3",0,"1,4"
291,18.10.2012,"16,9","6,1",0
292,19.10.2012,"17,7","8,7",0
293,20.10.2012,"17,2","0,7",0
294,21.10.2012,"16,6",6,0
295,22.10.2012,"16,2","9,2",0
296,23.10.2012,"13,4","8,6",0
297,24.10.2012,"11,7",8,0
298,25.10.2012,"10,4",0,0
299,26.10.2012,"6,9",0,0
300,27.10.2012,"3,4","8,9",0
301,28.10.2012,"1,8","5,3",0
302,29.10.2012,"3,8",0,"6,8"
303,30.10.2012,"7,9","0,6","0,9"
304,31.10.2012,"8,3","7,5",0
305,01.11.2012,"7,9","0,6","7,7"
306,02.11.2012,"8,1",1,"1,7"
307,03.11.2012,"6,6","1,8","3,5"
308,04.11.2012,"7,2","0,7","1,5"
309,05.11.2012,"7,3","0,5","0,1"
310,06.11.2012,"6,7","5,8","3,1"
311,07.11.2012,"9,2",0,"0,8"
312,08.11.2012,"9,6",0,0
313,09.11.2012,"9,5","1,5","1,6"
314,10.11.2012,"10,5","0,6","1,9"
315,11.11.2012,"9,2","3,8",0
316,12.11.2012,"7,1","3,9",0
317,13.11.2012,7,0,0
318,14.11.2012,"6,6","8,4",0
319,15.11.2012,5,0,0
320,16.11.2012,"4,2","2,1",0
321,17.11.2012,"6,2","6,1","0,7"
322,18.11.2012,"7,8",0,"2,3"
323,19.11.2012,"7,9","2,1",0
324,20.11.2012,"6,7","6,8",0
325,21.11.2012,"6,1","1,3","0,6"
326,22.11.2012,"8,5","7,7",0
327,23.11.2012,"7,8",0,"10,6"
328,24.11.2012,"9,3",0,"0,1"
329,25.11.2012,"11,1","3,4",0
330,26.11.2012,"7,9",0,"4,6"
331,27.11.2012,"8,8","1,4",0
332,28.11.2012,6,0,0
333,29.11.2012,"4,3",0,0
334,30.11.2012,"2,4",0,"0,1"
335,01.12.2012,"2,4",0,"5,2"
336,02.12.2012,"3,2","0,7","0,4"
337,03.12.2012,"2,8",0,"4,7"
338,04.12.2012,"4,3",1,1
339,05.12.2012,"2,9","1,5","0,1"
340,06.12.2012,"1,1","2,6",0
341,07.12.2012,"-0,2",0,"6,1"
342,08.12.2012,"-2,9","6,9","3,2"
343,09.12.2012,"1,7",0,5
344,10.12.2012,3,0,1
345,11.12.2012,"0,4","3,9",0
346,12.12.2012,"0,3","0,7","0,1"
347,13.12.2012,"-0,2","0,7","0,1"
348,14.12.2012,"4,6",0,"9,7"
349,15.12.2012,"8,5","1,3",3
350,16.12.2012,"7,7",0,"7,9"
351,17.12.2012,"7,1",0,"1,1"
352,18.12.2012,"6,4",0,"0,6"
353,19.12.2012,"5,6",0,"0,3"
354,20.12.2012,"3,3","2,3","7,3"
355,21.12.2012,"4,8",0,"0,8"
356,22.12.2012,"7,3",0,"19,8"
357,23.12.2012,"10,9",0,"11,1"
358,24.12.2012,"10,6","0,3","0,5"
359,25.12.2012,"10,2","0,8","2,6"
360,26.12.2012,"8,1","1,1","9,3"
361,27.12.2012,"8,1","1,5","11,2"
362,28.12.2012,"6,5","0,4","1,7"
363,29.12.2012,"10,3","4,4","2,2"
364,30.12.2012,"7,8","2,7","1,1"
365,31.12.2012,"9,6",0,"2,7"
366,01.01.2013,"6,9",0,"7,1"
367,02.01.2013,"6,1","0,1","0,4"
368,03.01.2013,9,0,"1,1"
369,04.01.2013,"9,5",0,"2,7"
370,05.01.2013,"7,9",0,"0,5"
371,06.01.2013,"8,3",0,"0,0"
372,07.01.2013,"8,5",0,"0,0"
373,08.01.2013,"6,8",0,"0,2"
374,09.01.2013,"5,7",0,"8,5"
375,10.01.2013,"5,3","0,6","3,2"
376,11.01.2013,"0,1","4,2","0,0"
377,12.01.2013,"-0,9","7,4","0,0"
378,13.01.2013,"-1,4","5,5","1,4"
379,14.01.2013,"-2,1",0,"2,3"
380,15.01.2013,"-1,8",0,"2,4"
381,16.01.2013,"-2,6",0,"0,1"
382,17.01.2013,"-2,4",0,"0,0"
383,18.01.2013,"-1,3","0,3","0,0"
384,19.01.2013,"-2,8","1,3","0,0"
385,20.01.2013,"-3,1",0,"5,2"
386,21.01.2013,"-0,1",0,"0,2"
387,22.01.2013,0,0,"0,0"
388,23.01.2013,-1,0,"0,0"
389,24.01.2013,"-2,7","0,4","0,0"
390,25.01.2013,"-1,6",0,"0,0"
391,26.01.2013,"-1,4","2,5","0,0"
392,27.01.2013,"2,8",0,"3,6"
393,28.01.2013,"4,2","0,8","1,1"
394,29.01.2013,"10,1",0,"6,3"
395,30.01.2013,"11,6","0,5","3,0"
396,31.01.2013,8,"0,4","2,7"
397,01.02.2013,"6,1",0,"11,0"
398,02.02.2013,"3,6","2,1","0,9"
399,03.02.2013,"3,9",0,"4,7"
400,04.02.2013,"7,3","0,2","1,7"
401,05.02.2013,4,"2,4","3,8"
402,06.02.2013,"1,6","3,1","5,9"
403,07.02.2013,"2,2","2,8","0,4"
404,08.02.2013,1,"0,6","1,0"
405,09.02.2013,"-0,1","4,4","0,0"
406,10.02.2013,"-0,4","8,4","0,0"
407,11.02.2013,"-0,1","0,2","0,0"
408,12.02.2013,"-0,5",0,"0,0"
409,13.02.2013,"-0,2","0,3","0,0"
410,14.02.2013,"-0,7","1,3","0,0"
411,15.02.2013,2,0,"1,4"
412,16.02.2013,5,0,"0,4"
413,17.02.2013,"4,8","3,3","0,0"
414,18.02.2013,"2,8","8,9","0,0"
415,19.02.2013,"2,5",0,"1,7"
416,20.02.2013,"0,3",3,"0,0"
417,21.02.2013,"-0,4","1,5","0,1"
418,22.02.2013,"-1,8","1,2","0,0"
419,23.02.2013,"-1,9",0,"0,0"
420,24.02.2013,"0,5",0,"2,2"
421,25.02.2013,"1,8",0,"1,3"
422,26.02.2013,3,"3,6","0,0"
423,27.02.2013,"1,3",0,"0,0"
424,28.02.2013,"3,2",0,"0,0"
425,01.03.2013,"3,1",0,"0,2"
426,02.03.2013,"2,9","4,1","0,0"
427,03.03.2013,3,0,"0,1"
428,04.03.2013,"5,7","10,7","0,0"
429,05.03.2013,"8,9","9,8","0,0"
430,06.03.2013,"12,1","9,8","0,0"
431,07.03.2013,"10,8",0,"2,0"
432,08.03.2013,"12,8","4,7","2,8"
433,09.03.2013,9,0,"11,1"
434,10.03.2013,"2,1",0,"1,8"
435,11.03.2013,"-1,8",0,"0,5"
436,12.03.2013,"-2,5",0,"0,7"
437,13.03.2013,-2,"7,7","0,5"
438,14.03.2013,"-0,4","4,8","0,4"
439,15.03.2013,"0,2","4,1","0,0"
440,16.03.2013,"4,9",6,"2,6"
441,17.03.2013,"4,8","4,2","0,5"
442,18.03.2013,"7,1","8,3","0,0"
443,19.03.2013,"4,7","1,4","2,0"
444,20.03.2013,"1,7",0,"9,6"
445,21.03.2013,"1,2","2,1","0,2"
446,22.03.2013,"1,5",7,"0,0"
447,23.03.2013,"0,8","0,9","0,0"
448,24.03.2013,"0,3","2,9","0,0"
449,25.03.2013,"0,4",11,"0,0"
450,26.03.2013,"0,7","11,7","0,0"
451,27.03.2013,"1,4","11,8","0,0"
452,28.03.2013,"1,8","3,5","0,0"
453,29.03.2013,"0,3","2,1","0,4"
454,30.03.2013,"1,6",7,"0,0"
455,31.03.2013,"1,5",2,"0,0"
456,01.04.2013,"2,8","12,1",0
457,02.04.2013,"3,2","12,3",0
458,03.04.2013,3,2,-
459,04.04.2013,"4,1","3,9",0
460,05.04.2013,3,0,0
461,06.04.2013,"4,4","2,1",0
462,07.04.2013,"6,4","12,6",0
463,08.04.2013,7,"4,5","4,1"
464,09.04.2013,"6,7","2,1","2,5"
465,10.04.2013,"8,4",0,"6,3"
466,11.04.2013,"11,4","0,9",0
467,12.04.2013,"10,8",4,"0,8"
468,13.04.2013,"11,8","5,1","0,1"
469,14.04.2013,"16,7","4,9",0
470,15.04.2013,"16,1","6,4","0,3"
471,16.04.2013,16,6,0
472,17.04.2013,"18,1","5,8",0
473,18.04.2013,"15,8","10,3",0
474,19.04.2013,"10,3","4,4",0
475,20.04.2013,"8,6","12,3",0
476,21.04.2013,"9,8","1,1",0
477,22.04.2013,"12,1",12,0
478,23.04.2013,"12,5","0,9",0
479,24.04.2013,"15,7","12,6",0
480,25.04.2013,"17,9","9,4",0
481,26.04.2013,"12,1","1,8","10,8"
482,27.04.2013,"7,7","0,8",0
483,28.04.2013,8,"8,1",0
484,29.04.2013,"9,9","5,8",0
485,30.04.2013,"10,6","5,2",0
486,01.05.2013,"13,4","7,2","0,0"
487,02.05.2013,"15,3","7,3","0,0"
488,03.05.2013,"14,4","10,7","0,0"
489,04.05.2013,"14,7","11,7","0,0"
490,05.05.2013,"14,8","13,6","0,0"
491,06.05.2013,"18,2","9,6","0,0"
492,07.05.2013,"15,8","5,1","8,3"
493,08.05.2013,"15,6","6,1","3,8"
494,09.05.2013,"15,5","7,1","0,6"
495,10.05.2013,"13,3","4,2","0,0"
496,11.05.2013,12,"4,1","2,8"
497,12.05.2013,10,"3,4","5,3"
498,13.05.2013,"11,9",2,"0,1"
499,14.05.2013,"11,3",3,"0,2"
500,15.05.2013,"12,5","1,1","3,7"
501,16.05.2013,"13,1",0,"10,9"
502,17.05.2013,"10,2",0,"0,5"
503,18.05.2013,"11,2","4,1","0,0"
504,19.05.2013,"14,6","14,6","2,7"
505,20.05.2013,"12,5","1,6","2,4"
506,21.05.2013,"12,8","4,3","14,3"
507,22.05.2013,"9,2","0,1","2,6"
508,23.05.2013,"6,9","2,6","5,0"
509,24.05.2013,"8,7","9,7","0,0"
510,25.05.2013,10,"7,8","5,4"
511,26.05.2013,"9,2",0,"4,7"
512,27.05.2013,"13,9","12,5","0,0"
513,28.05.2013,"16,6","11,8","0,1"
514,29.05.2013,"10,5",0,"15,0"
515,30.05.2013,"12,6","3,1","1,1"
516,31.05.2013,"16,6","4,8","0,0"
517,01.06.2013,"12,5","0,1",0
518,02.06.2013,"13,3","12,5",0
519,03.06.2013,"12,5","7,9",0
520,04.06.2013,"14,7","10,6",0
521,05.06.2013,"17,8","9,7",0
522,06.06.2013,"19,9","10,6",0
523,07.06.2013,"20,4","13,1",0
524,08.06.2013,"19,9","9,8",0
525,09.06.2013,"15,3",0,0
526,10.06.2013,"15,2","9,4",0
527,11.06.2013,"17,7","10,4",0
528,12.06.2013,20,"3,7","0,6"
529,13.06.2013,18,"2,2","11,1"
530,14.06.2013,15,"5,7",0
531,15.06.2013,"16,6",9,"0,6"
532,16.06.2013,17,"2,9",0
533,17.06.2013,"20,8","9,5","0,7"
534,18.06.2013,"25,1","13,1","0,6"
535,19.06.2013,"25,9","6,7",0
536,20.06.2013,"21,2","6,8","14,9"
537,21.06.2013,"17,6","2,6","0,5"
538,22.06.2013,"18,5",2,"2,1"
539,23.06.2013,"15,5","4,4",0
540,24.06.2013,"14,3","0,6","0,5"
541,25.06.2013,"13,8","1,7",0
542,26.06.2013,"13,4","1,8",3
543,27.06.2013,"13,2","2,9","8,1"
544,28.06.2013,"12,9",0,17
545,29.06.2013,"15,3","5,9",0
546,30.06.2013,"15,6","5,1",0
547,01.07.2013,"17,5","6,6",0
548,02.07.2013,"18,7","10,3",3
549,03.07.2013,"17,6",0,"11,9"
550,04.07.2013,"18,6","5,3",0
551,05.07.2013,"19,7","5,7",0
552,06.07.2013,"21,5","14,5",0
553,07.07.2013,"22,2","15,1",0
554,08.07.2013,"22,7","15,1",0
555,09.07.2013,"22,1","14,6",0
556,10.07.2013,"18,7","11,4",0
557,11.07.2013,"15,7","0,3",0
558,12.07.2013,16,"5,3",0
559,13.07.2013,"18,2","5,9",0
560,14.07.2013,"17,7","13,3",0
561,15.07.2013,"20,7","12,5",0
562,16.07.2013,"21,9",13,0
563,17.07.2013,"22,7","10,8",0
564,18.07.2013,"24,2","14,3",0
565,19.07.2013,"22,6","12,9",0
566,20.07.2013,"19,4","8,1",0
567,21.07.2013,24,"14,8",0
568,22.07.2013,"26,6","13,3",0
569,23.07.2013,"24,9","7,7",1
570,24.07.2013,"22,5","3,6","0,4"
571,25.07.2013,"22,4","10,2","6,5"
572,26.07.2013,"23,2","3,4",0
573,27.07.2013,"24,8","11,3","1,1"
574,28.07.2013,"22,1","3,5",0
575,29.07.2013,"21,9","7,5",0
576,30.07.2013,"19,4","5,3","7,1"
577,31.07.2013,"20,6",6,0
578,01.08.2013,"24,6","13,8",0
579,02.08.2013,"28,6",14,"1,6"
580,03.08.2013,"23,8","10,1",0
581,04.08.2013,"22,8","12,2",0
582,05.08.2013,25,"12,8",0
583,06.08.2013,"21,8","10,2",0
584,07.08.2013,"18,9","1,9","2,3"
585,08.08.2013,"17,5","3,7","0,1"
586,09.08.2013,"19,1","6,8",0
587,10.08.2013,"18,3",5,0
588,11.08.2013,"17,8","3,8","1,8"
589,12.08.2013,"17,8","4,2",0
590,13.08.2013,"16,3","7,1","1,9"
591,14.08.2013,"15,6","3,6",0
592,15.08.2013,"17,6","3,9",0
593,16.08.2013,22,"12,9","0,3"
594,17.08.2013,"21,6","8,6",0
595,18.08.2013,"20,1","1,6",6
596,19.08.2013,"17,2","4,4","1,3"
597,20.08.2013,"15,7","6,5",0
598,21.08.2013,"17,4","12,9",0
599,22.08.2013,"19,6","10,6",0
600,23.08.2013,22,"11,4",0
601,24.08.2013,19,"4,7","4,3"
602,25.08.2013,17,"0,7","8,3"
603,26.08.2013,"17,5","3,8",0
604,27.08.2013,"19,2","10,3",0
605,28.08.2013,"17,9","5,6",0
606,29.08.2013,18,"11,6",0
607,30.08.2013,"18,3","8,7",0
608,31.08.2013,"17,5","3,7","1,9"
609,01.09.2013,15,"5,6",0
610,02.09.2013,"17,2","1,4",0
611,03.09.2013,"18,4","0,5",0
612,04.09.2013,"20,3","12,6",0
613,05.09.2013,"24,1","12,6",0
614,06.09.2013,"22,5","8,6","10,5"
615,07.09.2013,18,1,"19,4"
616,08.09.2013,"14,2","1,7","9,9"
617,09.09.2013,"14,3","4,8","9,1"
618,10.09.2013,"12,5","0,9","16,4"
619,11.09.2013,"13,5","1,2",1
620,12.09.2013,"14,2",3,"4,5"
621,13.09.2013,"16,1","4,8","4,2"
622,14.09.2013,"15,5",0,3
623,15.09.2013,"13,6",5,"9,8"
624,16.09.2013,"12,4","5,8","2,6"
625,17.09.2013,"10,8","5,7","6,2"
626,18.09.2013,"12,2","1,7","0,4"
627,19.09.2013,"12,7","3,5","0,2"
628,20.09.2013,"14,4",0,0
629,21.09.2013,"13,3","6,2",0
630,22.09.2013,"15,1",1,0
631,23.09.2013,"16,6","2,3",0
632,24.09.2013,"16,1","5,7",0
633,25.09.2013,"15,2","6,1",0
634,26.09.2013,14,"5,5",0
635,27.09.2013,"12,2","10,1",0
636,28.09.2013,"12,1","10,7",0
637,29.09.2013,"12,9","11,2",0
638,30.09.2013,"11,9","10,8",0
639,01.10.2013,"12,5","10,5",0
640,02.10.2013,11,"10,8",0
641,03.10.2013,"12,9","9,7","1,4"
642,04.10.2013,"14,1","3,1","1,4"
643,05.10.2013,"15,4","1,2","0,2"
644,06.10.2013,"13,5","1,9",0
645,07.10.2013,"13,3","9,7",0
646,08.10.2013,"15,1","0,1",0
647,09.10.2013,"14,1","0,1",8
648,10.10.2013,"9,1","3,9","3,6"
649,11.10.2013,7,0,"7,2"
650,12.10.2013,"6,8","2,8","2,3"
651,13.10.2013,"8,8",2,"0,6"
652,14.10.2013,"11,3","2,1","3,8"
653,15.10.2013,10,"0,2","9,5"
654,16.10.2013,"10,4","0,2","0,5"
655,17.10.2013,"12,6",2,"1,2"
656,18.10.2013,12,"3,1",0
657,19.10.2013,"14,6","6,5","0,1"
658,20.10.2013,"15,5","0,6","0,5"
659,21.10.2013,"15,3","1,1",0
660,22.10.2013,"17,6","7,4","9,8"
661,23.10.2013,"16,5",3,2
662,24.10.2013,"13,3","7,7",0
663,25.10.2013,15,"0,1","8,6"
664,26.10.2013,"16,8","4,3",0
665,27.10.2013,"15,5","2,1","6,3"
666,28.10.2013,"14,8","1,4","0,8"
667,29.10.2013,"11,2",2,"0,3"
668,30.10.2013,"9,1","8,2",0
669,31.10.2013,"9,1","8,2","0,1"
670,01.11.2013,"10,6",0,"8,8"
671,02.11.2013,"11,2",0,"4,4"
672,03.11.2013,"9,4","3,8","3,7"
673,04.11.2013,"9,7","0,6","2,6"
674,05.11.2013,"7,1","1,8","7,2"
675,06.11.2013,"10,2",0,4
676,07.11.2013,"12,6",0,"17,1"
677,08.11.2013,"10,6","0,2","2,9"
678,09.11.2013,"9,5","5,1","1,7"
679,10.11.2013,"6,9","1,5","0,7"
680,11.11.2013,"5,3","5,9",0
681,12.11.2013,"6,9","0,4",1
682,13.11.2013,"5,8","6,1",0
683,14.11.2013,"4,7","0,6","0,9"
684,15.11.2013,"6,5",4,0
685,16.11.2013,2,"4,3",0
686,17.11.2013,"4,2","0,1",0
687,18.11.2013,"5,5",0,0
688,19.11.2013,"5,7",0,"0,9"
689,20.11.2013,"4,3","4,8",1
690,21.11.2013,"4,2",0,"0,3"
691,22.11.2013,"4,1",0,0
692,23.11.2013,"5,5",0,0
693,24.11.2013,"4,3",0,"0,8"
694,25.11.2013,"4,1",0,"0,3"
695,26.11.2013,"1,6","3,4",0
696,27.11.2013,"3,4","0,6","0,9"
697,28.11.2013,"6,8",0,"0,4"
698,29.11.2013,"6,7",0,"5,3"
699,30.11.2013,"5,8","0,1","0,4"
700,01.12.2013,"6,2","1,2",0
701,02.12.2013,6,4,0
702,03.12.2013,3,"6,7",0
703,04.12.2013,"4,2",0,"0,7"
704,05.12.2013,"4,4","0,4","8,8"
705,06.12.2013,"2,1","0,1","3,3"
706,07.12.2013,"4,7",0,"1,7"
707,08.12.2013,"7,5","0,2",0
708,09.12.2013,"8,1","1,4",0
709,10.12.2013,"6,8",5,0
710,11.12.2013,"5,4",0,0
711,12.12.2013,"4,4","4,4",0
712,13.12.2013,"2,3",5,"0,7"
713,14.12.2013,"3,9",0,"2,3"
714,15.12.2013,"7,1",0,"0,4"
715,16.12.2013,"7,8","6,8",0
716,17.12.2013,"7,6","0,2",0
717,18.12.2013,"8,4","0,5","8,5"
718,19.12.2013,8,"0,9","1,1"
719,20.12.2013,"5,7","5,3",0
720,21.12.2013,"6,2",0,"1,5"
721,22.12.2013,"8,1",0,"12,6"
722,23.12.2013,"8,8","4,5",0
723,24.12.2013,"11,6",0,"10,8"
724,25.12.2013,"8,2",0,0
725,26.12.2013,"6,3",0,0
726,27.12.2013,"7,7",0,"8,6"
727,28.12.2013,"7,9","0,5","3,6"
728,29.12.2013,"5,7","1,9","0,8"
729,30.12.2013,"4,5","5,9","0,5"
730,31.12.2013,"6,3","5,1",1
731,01.01.2014,"7,2","5,9","0,7"
732,02.01.2014,"9,2","0,4","3,1"
733,03.01.2014,"9,1","2,2","4,8"
734,04.01.2014,"7,8",0,"2,3"
735,05.01.2014,"6,9","5,1","0,0"
736,06.01.2014,"9,9",0,"1,2"
737,07.01.2014,"11,7","4,4","1,0"
738,08.01.2014,"10,2","3,4","1,9"
739,09.01.2014,10,0,"0,8"
740,10.01.2014,"6,5","5,5","0,0"
741,11.01.2014,"4,8","2,1","0,8"
742,12.01.2014,4,"6,4","0,0"
743,13.01.2014,"6,3","0,7","0,0"
744,14.01.2014,"6,9","3,6","0,0"
745,15.01.2014,"4,8","0,4","1,7"
746,16.01.2014,"7,2","0,1","1,2"
747,17.01.2014,"9,2","1,8","0,0"
748,18.01.2014,"7,8","6,8","0,0"
749,19.01.2014,"6,3","1,8","0,0"
750,20.01.2014,"4,2",0,"0,0"
751,21.01.2014,"3,1",0,"0,0"
752,22.01.2014,"4,2","3,1","0,0"
753,23.01.2014,"2,6","0,7","2,9"
754,24.01.2014,"4,1","0,1","0,1"
755,25.01.2014,"4,2","0,4","6,3"
756,26.01.2014,5,"0,8","10,9"
757,27.01.2014,"4,4","0,7","0,9"
758,28.01.2014,"4,8","5,8","0,0"
759,29.01.2014,2,6,"0,0"
760,30.01.2014,"3,2","4,4","0,0"
761,31.01.2014,"3,7","7,5","0,0"
762,01.02.2014,"5,9",0,"3,5"
763,02.02.2014,"5,3","8,2","0,0"
764,03.02.2014,"4,1","7,7","0,0"
765,04.02.2014,"6,1",4,"0,0"
766,05.02.2014,"6,5","0,8","0,6"
767,06.02.2014,"8,5","3,4","4,3"
768,07.02.2014,"8,7","0,7","1,9"
769,08.02.2014,7,0,"4,3"
770,09.02.2014,"6,8","0,8","0,0"
771,10.02.2014,"5,5","0,3","0,3"
772,11.02.2014,"6,7",3,"0,6"
773,12.02.2014,"6,3","6,4","1,6"
774,13.02.2014,"5,8",0,"6,6"
775,14.02.2014,"5,6","3,8","4,6"
776,15.02.2014,"10,9","2,7","1,4"
777,16.02.2014,"7,8",5,"0,0"
778,17.02.2014,7,"3,8","0,0"
779,18.02.2014,"6,8",0,"0,2"
780,19.02.2014,"8,2","1,3","1,7"
781,20.02.2014,"8,9","3,2","4,2"
782,21.02.2014,"7,7","2,8","0,3"
783,22.02.2014,"5,8","0,8","0,0"
784,23.02.2014,"6,8","7,7","0,0"
785,24.02.2014,"9,5","9,7","0,0"
786,25.02.2014,"9,9","2,8","4,8"
787,26.02.2014,"8,4",3,"0,0"
788,27.02.2014,"5,7","4,7","6,3"
789,28.02.2014,"6,8","3,4","0,0"
790,01.03.2014,"6,5","4,3","0,5"
791,02.03.2014,"6,1","8,2","0,0"
792,03.03.2014,"6,8",2,"0,2"
793,04.03.2014,"6,8","6,9","0,0"
794,05.03.2014,"5,8","3,3","0,0"
795,06.03.2014,7,10,"0,0"
796,07.03.2014,"9,1","7,5","0,0"
797,08.03.2014,"11,6","10,4","0,0"
798,09.03.2014,"14,3",11,"0,0"
799,10.03.2014,"12,8","10,8","0,0"
800,11.03.2014,"10,1","9,1","0,0"
801,12.03.2014,"10,6","10,6","0,0"
802,13.03.2014,"11,4","10,8","0,0"
803,14.03.2014,"10,4","10,4","0,0"
804,15.03.2014,"9,7","1,8","1,4"
805,16.03.2014,11,"1,7","0,0"
806,17.03.2014,"10,6",0,"0,0"
807,18.03.2014,"9,7",0,"2,3"
808,19.03.2014,"12,1","7,2","0,0"
809,20.03.2014,"14,4","11,5","0,0"
810,21.03.2014,"11,3","0,8","0,8"
811,22.03.2014,"7,8","3,6","1,7"
812,23.03.2014,"6,1","3,9","1,1"
813,24.03.2014,"5,2","4,5","1,8"
814,25.03.2014,"5,5","7,1","0,0"
815,26.03.2014,"5,7","7,9","0,6"
816,27.03.2014,"9,7","8,3","0,0"
817,28.03.2014,"12,1","11,4","0,0"
818,29.03.2014,"13,1","11,6","0,0"
819,30.03.2014,"13,7","8,4","0,0"
820,31.03.2014,"15,5","7,9","0,0"
821,01.04.2014,"16,1","9,6",0
822,02.04.2014,"15,8","9,6",0
823,03.04.2014,"16,6","5,9",0
824,04.04.2014,"15,2",0,"4,4"
825,05.04.2014,"12,5","2,2","0,1"
826,06.04.2014,"14,1","4,6",0
827,07.04.2014,"17,9","6,7","3,9"
828,08.04.2014,"10,4","5,4","5,3"
829,09.04.2014,"10,4","6,2",0
830,10.04.2014,"12,5","3,3",0
831,11.04.2014,"12,3","3,3","0,2"
832,12.04.2014,"11,2","8,5",0
833,13.04.2014,"11,1","4,7",0
834,14.04.2014,"9,4","5,7","0,1"
835,15.04.2014,"7,4","5,8",0
836,16.04.2014,"9,3","13,2",0
837,17.04.2014,"12,4","10,9","1,1"
838,18.04.2014,"9,3","6,8",0
839,19.04.2014,"11,7","12,8",0
840,20.04.2014,"16,5","7,6",0
841,21.04.2014,"12,6","0,3",0
842,22.04.2014,"13,9","8,5",0
843,23.04.2014,"15,9","9,8",0
844,24.04.2014,"16,1","5,8","14,6"
845,25.04.2014,"17,5","11,1",0
846,26.04.2014,15,4,"5,8"
847,27.04.2014,"12,5","2,4","5,3"
848,28.04.2014,"13,6",2,"10,4"
849,29.04.2014,"13,1",0,"0,9"
850,30.04.2014,"15,1","4,5",0
851,01.05.2014,"14,2","7,5","14,7"
852,02.05.2014,"10,6","0,1","0,2"
853,03.05.2014,"10,1",11,"0,0"
854,04.05.2014,"9,9","12,1","0,0"
855,05.05.2014,"13,2",13,"0,0"
856,06.05.2014,"15,1",2,"11,3"
857,07.05.2014,"13,1","4,6","2,2"
858,08.05.2014,"12,4","0,1","10,9"
859,09.05.2014,"13,4","3,4","16,3"
860,10.05.2014,11,"0,6","8,8"
861,11.05.2014,"11,6","4,5","2,6"
862,12.05.2014,"10,3","0,7","9,5"
863,13.05.2014,"10,2","4,1","2,4"
864,14.05.2014,"9,8","7,4","0,5"
865,15.05.2014,"9,4",1,"0,0"
866,16.05.2014,"12,7",13,"0,0"
867,17.05.2014,"13,3","10,6","0,0"
868,18.05.2014,"16,1","13,1","0,0"
869,19.05.2014,"19,5","14,4","0,0"
870,20.05.2014,"21,3","7,2","0,0"
871,21.05.2014,"21,1","2,8","0,1"
872,22.05.2014,19,"5,4","6,9"
873,23.05.2014,"15,8","4,9","0,9"
874,24.05.2014,"15,9",6,"0,0"
875,25.05.2014,"17,3","12,7","0,0"
876,26.05.2014,"17,2","3,3","21,5"
877,27.05.2014,"14,8",0,"27,5"
878,28.05.2014,"14,1",0,"0,3"
879,29.05.2014,"11,8",0,"1,1"
880,30.05.2014,"12,8",6,"0,0"
881,31.05.2014,"14,9","11,6","0,0"
882,01.06.2014,"14,7","9,9",0
883,02.06.2014,"15,8","11,4",0
884,03.06.2014,"17,1","8,9",0
885,04.06.2014,"16,4","4,6","1,7"
886,05.06.2014,"13,7","7,6","0,8"
887,06.06.2014,"18,4","15,6",0
888,07.06.2014,"23,5","12,2",0
889,08.06.2014,"23,3","12,4","0,6"
890,09.06.2014,"24,2","10,9","29,1"
891,10.06.2014,"22,6","10,6","9,1"
892,11.06.2014,"19,4","9,7",0
893,12.06.2014,"18,5","15,1",0
894,13.06.2014,"18,5","9,3",0
895,14.06.2014,"16,8","4,5",0
896,15.06.2014,17,"7,6",0
897,16.06.2014,"15,2","2,8",0
898,17.06.2014,"16,4","1,3",0
899,18.06.2014,"16,8","11,7",0
900,19.06.2014,"14,5",0,"1,9"
901,20.06.2014,"14,7","2,1",0
902,21.06.2014,"16,1","8,8",0
903,22.06.2014,"17,3","9,4",0
904,23.06.2014,"16,2","11,6",0
905,24.06.2014,"16,9","6,4",0
906,25.06.2014,"15,5","7,5",0
907,26.06.2014,"17,2",9,0
908,27.06.2014,"18,2","3,7","6,3"
909,28.06.2014,"15,4","1,4","9,3"
910,29.06.2014,"15,5","2,8","0,8"
911,30.06.2014,"15,7","7,9",0
912,01.07.2014,"15,8","13,2",0
913,02.07.2014,"16,9","12,4",0
914,03.07.2014,"20,2","15,5",0
915,04.07.2014,"23,1","9,7","0,1"
916,05.07.2014,"20,3",1,"11,3"
917,06.07.2014,"21,3","7,5","4,4"
918,07.07.2014,"18,9","12,9","8,1"
919,08.07.2014,"15,2",0,"36,8"
920,09.07.2014,"14,5",0,"38,4"
921,10.07.2014,"20,8","6,4",8
922,11.07.2014,"19,8","1,1","0,1"
923,12.07.2014,"19,2","4,8",0
924,13.07.2014,"18,5","1,6","1,4"
925,14.07.2014,"18,3","3,1",0
926,15.07.2014,"17,8","1,9",0
927,16.07.2014,"21,3","12,7",0
928,17.07.2014,"23,3","13,9",0
929,18.07.2014,"26,7","14,8",0
930,19.07.2014,"28,2",13,0
931,20.07.2014,"23,8","4,5","19,7"
932,21.07.2014,"20,2",0,"23,7"
933,22.07.2014,"22,6",12,0
934,23.07.2014,"24,2","13,9",0
935,24.07.2014,"21,8","11,2","0,4"
936,25.07.2014,"19,7","5,7",0
937,26.07.2014,"20,1","6,8",0
938,27.07.2014,"21,2","6,8",0
939,28.07.2014,"21,9",6,"8,1"
940,29.07.2014,"21,4","4,7","2,6"
941,30.07.2014,"20,5","6,1",0
942,31.07.2014,"19,9","13,1",0
943,01.08.2014,"22,7","12,1",0
944,02.08.2014,"21,9","8,5","14,1"
945,03.08.2014,"20,9","10,7","3,9"
946,04.08.2014,"20,2","8,2",0
947,05.08.2014,"20,1","10,9",0
948,06.08.2014,19,"7,2","5,7"
949,07.08.2014,"19,8","6,4",0
950,08.08.2014,"20,5","3,8","6,9"
951,09.08.2014,"20,4","7,8",0
952,10.08.2014,"19,9",5,"2,6"
953,11.08.2014,"17,3","9,2","0,7"
954,12.08.2014,"16,5","8,4","1,6"
955,13.08.2014,17,"5,3",0
956,14.08.2014,"16,1","1,4","0,6"
957,15.08.2014,"15,1","1,4","12,6"
958,16.08.2014,"15,4",4,2
959,17.08.2014,"15,3","2,8","9,4"
960,18.08.2014,"14,7","4,6","1,9"
961,19.08.2014,"13,3","2,7","2,5"
962,20.08.2014,"13,2","9,6","1,8"
963,21.08.2014,"14,1","7,4","0,2"
964,22.08.2014,"14,9","2,1","1,8"
965,23.08.2014,"14,3","6,1","0,2"
966,24.08.2014,"13,3","6,7",0
967,25.08.2014,"14,4","3,4","19,4"
968,26.08.2014,"13,8",0,"14,2"
969,27.08.2014,"15,9","12,7",0
970,28.08.2014,"18,1","6,9","0,6"
971,29.08.2014,"17,3","2,2","0,2"
972,30.08.2014,"16,8",0,"5,1"
973,31.08.2014,"14,3","1,7","21,1"
974,01.09.2014,"14,7",3,0
975,02.09.2014,"15,6","7,4",0
976,03.09.2014,"16,6","9,4",0
977,04.09.2014,"18,8","9,6",0
978,05.09.2014,"19,7","8,3",0
979,06.09.2014,19,"5,9",0
980,07.09.2014,"17,8","5,3",0
981,08.09.2014,"16,4","10,4",0
982,09.09.2014,15,"2,5",0
983,10.09.2014,"15,4","0,8",0
984,11.09.2014,"15,8","6,7",0
985,12.09.2014,"15,5","8,8",0
986,13.09.2014,16,5,0
987,14.09.2014,"16,5","4,4",0
988,15.09.2014,"17,2","4,5",0
989,16.09.2014,"19,1","9,1",0
990,17.09.2014,19,"11,5",0
991,18.09.2014,"18,5","1,2","5,1"
992,19.09.2014,"19,3","8,1",0
993,20.09.2014,"19,3","6,4",0
994,21.09.2014,"16,4","3,4","0,3"
995,22.09.2014,"13,3","5,1","0,5"
996,23.09.2014,"12,3",8,0
997,24.09.2014,12,"0,2","10,9"
998,25.09.2014,"14,3","4,2",0
999,26.09.2014,"15,4",0,"0,9"
1000,27.09.2014,"15,9",7,0
1001,28.09.2014,"16,4","10,6",0
1002,29.09.2014,"17,3","4,5","2,5"
1003,30.09.2014,"16,6","4,7","1,2"
1004,01.10.2014,"16,1","8,9",0
1005,02.10.2014,"15,8","4,6",0
1006,03.10.2014,"16,3","10,8",0
1007,04.10.2014,16,"9,8",0
1008,05.10.2014,"13,3",0,"0,1"
1009,06.10.2014,"14,5","1,9","3,8"
1010,07.10.2014,"14,2","2,2","7,5"
1011,08.10.2014,"13,5","0,4","20,7"
1012,09.10.2014,"15,7","0,4","0,4"
1013,10.10.2014,"14,8","7,6",0
1014,11.10.2014,"14,1","3,6","1,2"
1015,12.10.2014,"13,7","6,2","1,6"
1016,13.10.2014,"16,1","2,3",0
1017,14.10.2014,"14,1","9,2",0
1018,15.10.2014,"14,1","3,1","2,7"
1019,16.10.2014,"14,4","3,3","6,9"
1020,17.10.2014,"14,6","1,5","0,1"
1021,18.10.2014,"16,2","8,5",0
1022,19.10.2014,18,"8,3","2,8"
1023,20.10.2014,"14,8","3,1","0,4"
1024,21.10.2014,"11,2","0,1","17,7"
1025,22.10.2014,9,"1,6","1,7"
1026,23.10.2014,"11,6","0,3",0
1027,24.10.2014,"12,5",0,"0,7"
1028,25.10.2014,"11,8",0,"1,5"
1029,26.10.2014,"12,5","1,5",0
1030,27.10.2014,"11,6","8,5",0
1031,28.10.2014,"8,3","8,3",0
1032,29.10.2014,"8,6",0,"0,4"
1033,30.10.2014,"13,1","0,8",0
1034,31.10.2014,"14,8","3,4",0
1035,01.11.2014,"15,1","6,4",0
1036,02.11.2014,"14,6",6,"1,9"
1037,03.11.2014,"14,4","2,5","12,4"
1038,04.11.2014,"9,9",0,"2,4"
1039,05.11.2014,"9,6","0,6","1,9"
1040,06.11.2014,8,"1,4","0,4"
1041,07.11.2014,"7,1","0,6","0,2"
1042,08.11.2014,"10,5",8,0
1043,09.11.2014,"9,5","5,5","2,2"
1044,10.11.2014,10,"5,6",0
1045,11.11.2014,"9,7",0,"2,5"
1046,12.11.2014,10,"0,2",0
1047,13.11.2014,"9,7",7,0
1048,14.11.2014,"11,8","2,6",0
1049,15.11.2014,"10,6",0,"8,5"
1050,16.11.2014,"8,9",0,"5,5"
1051,17.11.2014,10,"3,5",0
1052,18.11.2014,9,0,0
1053,19.11.2014,"8,2",0,0
1054,20.11.2014,6,3,0
1055,21.11.2014,6,"7,3",0
1056,22.11.2014,"8,1","6,2",0
1057,23.11.2014,"11,3","7,5","2,7"
1058,24.11.2014,"8,2","6,8",0
1059,25.11.2014,5,"7,4",0
1060,26.11.2014,"5,7","0,2",0
1061,27.11.2014,"6,9",0,1
1062,28.11.2014,"6,9",2,0
1063,29.11.2014,4,"1,4",0
1064,30.11.2014,"3,8",0,0
1065,01.12.2014,"3,5",0,0
1066,02.12.2014,"2,3","0,5",0
1067,03.12.2014,"0,1",0,0
1068,04.12.2014,"2,5",0,0
1069,05.12.2014,"4,5",0,0
1070,06.12.2014,"5,5",0,0
1071,07.12.2014,"5,6","2,5","2,8"
1072,08.12.2014,"3,9",5,4
1073,09.12.2014,"3,8",0,"2,7"
1074,10.12.2014,"5,7","2,7","4,5"
1075,11.12.2014,"6,1","0,1","4,7"
1076,12.12.2014,"8,8",0,"7,2"
1077,13.12.2014,"4,9",0,0
1078,14.12.2014,"2,8","5,4",0
1079,15.12.2014,4,0,"2,8"
1080,16.12.2014,6,"1,2","0,2"
1081,17.12.2014,"6,7",0,"6,7"
1082,18.12.2014,"11,4",0,"0,4"
1083,19.12.2014,"9,6",0,"6,5"
1084,20.12.2014,"6,2",0,"0,2"
1085,21.12.2014,"6,6",0,"0,6"
1086,22.12.2014,10,0,0
1087,23.12.2014,11,0,0
1088,24.12.2014,"8,2",0,"3,6"
1089,25.12.2014,"4,6",0,"2,8"
1090,26.12.2014,"3,4","2,6","3,1"
1091,27.12.2014,"1,3",0,"6,5"
1092,28.12.2014,-2,"7,2","3,4"
1093,29.12.2014,"1,1","1,8","0,9"
1094,30.12.2014,"3,3","0,1","0,1"
1095,31.12.2014,"3,9",0,"0,3"
1096,01.01.2015,"2,3","5,2","4,3"
1097,02.01.2015,"5,7","2,4","1,2"
1098,03.01.2015,"3,2",0,"5,6"
1099,04.01.2015,"3,5","6,4","0,0"
1100,05.01.2015,"3,1",4,"0,0"
1101,06.01.2015,"2,8","3,3","2,2"
1102,07.01.2015,"4,4","5,5","5,1"
1103,08.01.2015,"5,7",0,"20,4"
1104,09.01.2015,"9,2",0,"7,7"
1105,10.01.2015,11,0,"3,0"
1106,11.01.2015,"5,1","0,5","0,2"
1107,12.01.2015,"8,2",0,"0,0"
1108,13.01.2015,"9,9","0,1","5,4"
1109,14.01.2015,"4,8","0,1","3,6"
1110,15.01.2015,"8,4",0,"3,1"
1111,16.01.2015,"6,8",1,"0,0"
1112,17.01.2015,"3,4","5,6","0,0"
1113,18.01.2015,"2,9","0,6","0,0"
1114,19.01.2015,"0,9","0,4","0,0"
1115,20.01.2015,"1,7","0,1","0,0"
1116,21.01.2015,"1,8","3,4","0,0"
1117,22.01.2015,"0,9",0,"0,0"
1118,23.01.2015,"0,2",0,"0,0"
1119,24.01.2015,1,"0,5","8,5"
1120,25.01.2015,"1,8",0,"4,4"
1121,26.01.2015,4,0,"7,2"
1122,27.01.2015,"4,1","0,8","1,2"
1123,28.01.2015,"4,8",0,"3,2"
1124,29.01.2015,"3,5","1,4","4,4"
1125,30.01.2015,"1,9","0,2","2,3"
1126,31.01.2015,"2,8",5,"0,0"
1127,01.02.2015,"2,3",0,"7,9"
1128,02.02.2015,"1,4",0,"3,1"
1129,03.02.2015,"1,5",0,"1,2"
1130,04.02.2015,"0,4","1,2","0,0"
1131,05.02.2015,"-0,7","4,1","0,0"
1132,06.02.2015,"-0,3","8,4","0,0"
1133,07.02.2015,"1,1","6,1","0,1"
1134,08.02.2015,"4,1","3,2","0,1"
1135,09.02.2015,"4,9",0,"1,3"
1136,10.02.2015,"5,7",0,"0,0"
1137,11.02.2015,"4,3","3,9","0,0"
1138,12.02.2015,"3,4","6,7","0,0"
1139,13.02.2015,"4,1","8,8","0,0"
1140,14.02.2015,"6,7","6,8","0,0"
1141,15.02.2015,"4,5","9,4","0,0"
1142,16.02.2015,3,9,"0,0"
1143,17.02.2015,"3,1",0,"0,4"
1144,18.02.2015,4,"0,7","0,0"
1145,19.02.2015,"2,6","4,4","0,0"
1146,20.02.2015,"5,7",0,"10,9"
1147,21.02.2015,"4,6","0,9","0,8"
1148,22.02.2015,"3,5","3,1","7,9"
1149,23.02.2015,"3,7","0,9","6,2"
1150,24.02.2015,5,"1,4","2,4"
1151,25.02.2015,"4,7",4,"0,9"
1152,26.02.2015,"6,4","4,1","15,6"
1153,27.02.2015,"5,5","1,7","0,5"
1154,28.02.2015,"4,5","10,1","3,5"
1155,01.03.2015,"8,1","4,2","1,7"
1156,02.03.2015,"5,8","6,8","3,7"
1157,03.03.2015,5,"0,5","3,0"
1158,04.03.2015,"4,6",4,"1,6"
1159,05.03.2015,"5,6","1,3","0,0"
1160,06.03.2015,6,0,"0,0"
1161,07.03.2015,"7,6","8,6","0,0"
1162,08.03.2015,"10,7","10,1","0,0"
1163,09.03.2015,"8,9","2,7","0,0"
1164,10.03.2015,"8,8","4,1","0,5"
1165,11.03.2015,"5,7","10,1","0,0"
1166,12.03.2015,"6,8",11,"0,0"
1167,13.03.2015,"5,6","7,3","0,0"
1168,14.03.2015,4,2,"0,1"
1169,15.03.2015,6,"0,4","0,2"
1170,16.03.2015,"7,5","10,2","0,0"
1171,17.03.2015,"10,6","10,7","0,0"
1172,18.03.2015,"10,3","10,4","0,0"
1173,19.03.2015,"6,5",0,"0,0"
1174,20.03.2015,"4,7",0,"1,1"
1175,21.03.2015,"5,2","2,4","12,3"
1176,22.03.2015,"5,1","5,4","0,0"
1177,23.03.2015,"6,4","9,7","0,0"
1178,24.03.2015,"8,6","7,8","0,3"
1179,25.03.2015,"6,8",0,"1,0"
1180,26.03.2015,"6,3","1,6","2,7"
1181,27.03.2015,"7,3","0,9","0,0"
1182,28.03.2015,"8,1","3,6","5,5"
1183,29.03.2015,"10,2",0,"13,9"
1184,30.03.2015,"7,8","7,5","14,9"
1185,31.03.2015,"8,8","2,7","10,2"
1186,01.04.2015,"6,2","5,3","5,3"
1187,02.04.2015,"6,6","5,8","0,3"
1188,03.04.2015,"7,3","7,1","0,9"
1189,04.04.2015,"6,7","5,1","0,7"
1190,05.04.2015,"6,2","8,7",0
1191,06.04.2015,"5,9","1,7",0
1192,07.04.2015,"7,5","9,7",0
1193,08.04.2015,"8,8","4,4",0
1194,09.04.2015,"12,5","12,2",0
1195,10.04.2015,"15,1",12,0
1196,11.04.2015,"12,3","1,1","0,2"
1197,12.04.2015,"11,2","11,8",0
1198,13.04.2015,"10,5",11,0
1199,14.04.2015,"14,5","12,1",0
1200,15.04.2015,"17,2","12,8",0
1201,16.04.2015,"12,7","11,3",0
1202,17.04.2015,"9,8","9,5",0
1203,18.04.2015,"9,7","13,4",0
1204,19.04.2015,"10,8",13,0
1205,20.04.2015,"13,7","12,9",0
1206,21.04.2015,"14,2","13,5",0
1207,22.04.2015,"10,2","6,5",0
1208,23.04.2015,"11,3",13,0
1209,24.04.2015,15,"11,8","1,9"
1210,25.04.2015,"13,5","0,6","4,8"
1211,26.04.2015,14,"1,8",9
1212,27.04.2015,"9,4",0,0
1213,28.04.2015,"8,1","10,1","0,3"
1214,29.04.2015,"9,7","6,6",1
1215,30.04.2015,"9,6","2,4",0
1216,01.05.2015,"9,5","10,9","0,0"
1217,02.05.2015,"11,4","9,5","0,0"
1218,03.05.2015,"14,2","2,4","14,0"
1219,04.05.2015,"16,8","6,1","3,5"
1220,05.05.2015,"17,3",6,"1,4"
1221,06.05.2015,"13,6","9,2","0,0"
1222,07.05.2015,"12,7","6,6","0,0"
1223,08.05.2015,"15,5","8,1","0,0"
1224,09.05.2015,"16,4","5,3","0,1"
1225,10.05.2015,15,"12,3","0,0"
1226,11.05.2015,"19,3","11,3","0,0"
1227,12.05.2015,"17,9","7,6","0,0"
1228,13.05.2015,"14,7","13,6","0,0"
1229,14.05.2015,"13,2","11,8","0,0"
1230,15.05.2015,"13,6","10,5","0,0"
1231,16.05.2015,"10,8","0,1","1,2"
1232,17.05.2015,"13,2","7,7","0,0"
1233,18.05.2015,"14,9","8,5","0,6"
1234,19.05.2015,12,"5,6","0,0"
1235,20.05.2015,"11,4","9,9","1,7"
1236,21.05.2015,"13,1",8,"0,0"
1237,22.05.2015,"15,8","11,4","0,0"
1238,23.05.2015,"15,3","3,4","0,0"
1239,24.05.2015,"15,2","9,1","0,4"
1240,25.05.2015,"13,2","2,2","1,0"
1241,26.05.2015,"12,2","4,3","0,0"
1242,27.05.2015,"14,3",7,"0,0"
1243,28.05.2015,"14,6","2,9","3,3"
1244,29.05.2015,"13,4","5,1","3,5"
1245,30.05.2015,11,"5,4","2,9"
1246,31.05.2015,"14,6","1,7","3,5"
1247,01.06.2015,"14,2","6,1","0,7"
1248,02.06.2015,"16,7","0,2","0,4"
1249,03.06.2015,"16,9","4,7",0
1250,04.06.2015,"18,5","13,8",0
1251,05.06.2015,"24,2","13,8","3,4"
1252,06.06.2015,"18,8","7,9",0
1253,07.06.2015,"16,8",15,0
1254,08.06.2015,"14,9",14,0
1255,09.06.2015,"13,7","12,5",0
1256,10.06.2015,"17,8","12,1",0
1257,11.06.2015,"20,7","13,4",0
1258,12.06.2015,"22,3","11,8",0
1259,13.06.2015,"19,9",9,"2,9"
1260,14.06.2015,"18,8","10,1",0
1261,15.06.2015,"16,5","7,3",0
1262,16.06.2015,"13,5","7,4",0
1263,17.06.2015,"17,1","11,7","3,6"
1264,18.06.2015,17,6,0
1265,19.06.2015,"12,6","0,2",3
1266,20.06.2015,"13,3","1,6","0,2"
1267,21.06.2015,"16,3","2,5","1,6"
1268,22.06.2015,"12,5",0,"20,1"
1269,23.06.2015,"12,2","2,1","4,2"
1270,24.06.2015,15,"4,8",0
1271,25.06.2015,"19,2","11,9",0
1272,26.06.2015,"21,5","6,2",3
1273,27.06.2015,"19,8","7,9",0
1274,28.06.2015,"19,7","9,4",0
1275,29.06.2015,"21,7","12,3",0
1276,30.06.2015,"22,9","15,7",0
1277,01.07.2015,"27,3","15,7",0
1278,02.07.2015,"30,2","13,7",0
1279,03.07.2015,"27,1","14,1",0
1280,04.07.2015,"30,3","12,3","3,4"
1281,05.07.2015,"23,3","5,1","1,8"
1282,06.07.2015,21,"14,5",0
1283,07.07.2015,"23,5","8,3","1,1"
1284,08.07.2015,"16,4","2,6","12,2"
1285,09.07.2015,"15,4","7,6",0
1286,10.07.2015,"17,3","15,2",0
1287,11.07.2015,"22,5","12,3",0
1288,12.07.2015,"17,4","0,5","1,9"
1289,13.07.2015,"17,3",0,"5,1"
1290,14.07.2015,"18,7","0,7","0,1"
1291,15.07.2015,"20,4","1,2","0,1"
1292,16.07.2015,"22,3","10,3","0,1"
1293,17.07.2015,"27,1","13,1",0
1294,18.07.2015,"21,8","11,5","11,3"
1295,19.07.2015,"18,5","2,8",0
1296,20.07.2015,"19,6",4,"0,9"
1297,21.07.2015,23,"5,9",0
1298,22.07.2015,"21,9","6,8",0
1299,23.07.2015,"19,6","9,9",0
1300,24.07.2015,"22,1","7,6","3,2"
1301,25.07.2015,"16,3","1,2",4
1302,26.07.2015,"16,1","8,6","3,9"
1303,27.07.2015,"16,9","1,8","0,8"
1304,28.07.2015,"15,8","1,3","0,3"
1305,29.07.2015,"15,2","6,7","0,2"
1306,30.07.2015,"15,1","5,2","0,1"
1307,31.07.2015,"15,5",13,0
1308,01.08.2015,"19,1","13,3",0
1309,02.08.2015,"20,7","14,2",0
1310,03.08.2015,"25,6","13,5","0,3"
1311,04.08.2015,"19,5","2,7","6,5"
1312,05.08.2015,"20,5","13,4",0
1313,06.08.2015,"26,3",13,"1,3"
1314,07.08.2015,"24,2","9,1","7,1"
1315,08.08.2015,"20,3","0,4",0
1316,09.08.2015,"20,6","6,2","1,5"
1317,10.08.2015,"17,3","0,3","14,9"
1318,11.08.2015,20,"9,8",0
1319,12.08.2015,"22,1","8,5",0
1320,13.08.2015,"24,9","12,2","2,3"
1321,14.08.2015,"22,9","6,9",0
1322,15.08.2015,"20,2","3,2","16,3"
1323,16.08.2015,"15,1",0,"19,4"
1324,17.08.2015,"13,8",0,"25,1"
1325,18.08.2015,"15,1","0,9",0
1326,19.08.2015,"16,4","10,6",0
1327,20.08.2015,"19,1","12,3",0
1328,21.08.2015,"20,2","12,8",0
1329,22.08.2015,"21,3","13,2",0
1330,23.08.2015,"21,6","9,6","10,9"
1331,24.08.2015,"19,3","6,1",6
1332,25.08.2015,"17,2","3,9","0,4"
1333,26.08.2015,"22,5","10,4",0
1334,27.08.2015,17,0,"27,3"
1335,28.08.2015,"16,5","9,2",0
1336,29.08.2015,"19,1","12,1",0
1337,30.08.2015,"24,3","10,7",0
1338,31.08.2015,"24,9","11,1","2,5"
1339,01.09.2015,17,"1,4",14
1340,02.09.2015,"14,8",5,"1,8"
1341,03.09.2015,"14,6","6,8","0,1"
1342,04.09.2015,14,"3,7","1,6"
1343,05.09.2015,"13,3","1,6","1,3"
1344,06.09.2015,"13,1","5,9","0,8"
1345,07.09.2015,14,"0,9","1,1"
1346,08.09.2015,"14,3","1,1","0,9"
1347,09.09.2015,15,"11,9",0
1348,10.09.2015,"15,3","10,1",0
1349,11.09.2015,"14,6","11,8",0
1350,12.09.2015,16,"2,1","7,9"
1351,13.09.2015,"17,3","3,1","1,9"
1352,14.09.2015,"16,6",5,"5,8"
1353,15.09.2015,14,"4,3","3,9"
1354,16.09.2015,"15,2","0,1","14,7"
1355,17.09.2015,"15,2",0,"4,1"
1356,18.09.2015,"14,2","4,5","2,1"
1357,19.09.2015,"14,3",1,"1,1"
1358,20.09.2015,"13,9",3,0
1359,21.09.2015,"14,6","6,7",1
1360,22.09.2015,"12,6","1,2","16,4"
1361,23.09.2015,"12,7","1,7","2,2"
1362,24.09.2015,14,"1,3",0
1363,25.09.2015,"13,7","2,7",0
1364,26.09.2015,"12,6","8,8",0
1365,27.09.2015,"11,8","10,5",0
1369,01.10.2015,"11,7","11,3",0
1370,02.10.2015,"11,4","11,2",0
1371,03.10.2015,"12,6",7,0
1372,04.10.2015,"13,7","6,3",0
1373,05.10.2015,"13,7","5,8","11,1"
1374,06.10.2015,"16,4","1,8","0,2"
1375,07.10.2015,"15,3","0,3","5,1"
1376,08.10.2015,"12,5",0,"5,5"
1377,09.10.2015,"13,3","1,9",0
1378,10.10.2015,"11,3","3,2",0
1379,11.10.2015,"7,6","10,4",0
1380,12.10.2015,"6,2",9,0
1381,13.10.2015,"4,2","0,6","1,4"
1382,14.10.2015,"3,8","0,1","4,4"
1383,15.10.2015,"4,7",0,"11,8"
1384,16.10.2015,"6,6",0,"9,4"
1385,17.10.2015,"6,9",0,0
1386,18.10.2015,"8,1",2,"0,7"
1387,19.10.2015,"8,8",0,0
1388,20.10.2015,"9,5",0,"0,8"
1389,21.10.2015,"10,3","0,6","2,4"
1390,22.10.2015,"11,5",0,"1,2"
1391,23.10.2015,12,"5,1",0
1392,24.10.2015,"11,8","0,8","0,4"
1393,25.10.2015,"11,3","0,2",0
1394,26.10.2015,12,"8,2",0
1395,27.10.2015,"11,8","9,2",0
1396,28.10.2015,"10,4","1,8",0
1397,29.10.2015,"11,9","5,7",0
1398,30.10.2015,"10,2","5,8",0
1399,31.10.2015,"9,5",9,0
1400,01.11.2015,"8,5","6,5",0
1401,02.11.2015,"9,9","9,3",0
1402,03.11.2015,"9,2","7,8",0
1403,04.11.2015,12,"2,6",2
1404,05.11.2015,"13,9","2,4","1,9"
1405,06.11.2015,"15,5","0,2","1,9"
1406,07.11.2015,"17,8",0,"0,1"
1407,08.11.2015,"14,8","3,7","0,7"
1408,09.11.2015,"15,3","1,7","0,1"
1409,10.11.2015,14,0,0
1410,11.11.2015,"12,6",0,0
1411,12.11.2015,"13,6","1,9",0
1412,13.11.2015,"12,3","0,7","0,8"
1413,14.11.2015,9,"1,6","3,9"
1414,15.11.2015,"13,5",0,"3,3"
1415,16.11.2015,"12,6",0,"9,7"
1416,17.11.2015,"14,4",2,"1,1"
1417,18.11.2015,"13,8","1,5","0,1"
1418,19.11.2015,"11,4","0,2","8,4"
1419,20.11.2015,"8,3",0,"0,9"
1420,21.11.2015,"4,9","3,7","0,8"
1421,22.11.2015,"2,8","4,2",0
1422,23.11.2015,"3,6","6,6",0
1423,24.11.2015,"2,7",0,"12,3"
1424,25.11.2015,5,"0,6","0,8"
1425,26.11.2015,"4,4",7,0
1426,27.11.2015,"3,2","5,7","2,8"
1427,28.11.2015,"5,9","5,1","2,3"
1428,29.11.2015,"9,6",0,"7,3"
1429,30.11.2015,"9,5",0,"20,7"
1430,01.12.2015,"9,6",0,"5,9"
1431,02.12.2015,"10,2","0,5",0
1432,03.12.2015,9,"5,5","3,7"
1433,04.12.2015,"8,7","3,8","2,5"
1434,05.12.2015,"6,6","0,4",0
1435,06.12.2015,"9,4","0,1",4
1436,07.12.2015,"11,1","2,7",0
1437,08.12.2015,"11,1","6,5","5,3"
1438,09.12.2015,8,6,0
1439,10.12.2015,5,"6,9","2,3"
1440,11.12.2015,"6,2",0,"6,2"
1441,12.12.2015,"8,1",0,"1,9"
1442,13.12.2015,"8,1",0,"2,7"
1443,14.12.2015,8,"4,3",0
1444,15.12.2015,"7,9","3,2","2,9"
1445,16.12.2015,"10,7",0,"5,3"
1446,17.12.2015,"13,7","3,3",0
1447,18.12.2015,"12,8",0,"0,1"
1448,19.12.2015,"12,5","2,8",0
1449,20.12.2015,"11,8",0,"0,8"
1450,21.12.2015,"11,4","2,4","2,7"
1451,22.12.2015,"12,9",0,0
1452,23.12.2015,11,"3,7","0,7"
1453,24.12.2015,"10,8","1,5","1,8"
1454,25.12.2015,"10,1",0,"4,4"
1455,26.12.2015,"13,3","6,9",0
1456,27.12.2015,11,"2,9",0
1457,28.12.2015,"9,8","6,7",0
1458,29.12.2015,"9,2","4,9",0
1459,30.12.2015,"6,9","4,2","0,3"
1460,31.12.2015,"7,3","4,5","1,9"
1461,01.01.2016,6,"0,9",0
1462,02.01.2016,"5,1",0,"2,5"
1463,03.01.2016,"6,2","0,2","10,1"
1464,04.01.2016,"5,4",0,"1,2"
1465,05.01.2016,"7,1","1,1","0,5"
1466,06.01.2016,"6,6",0,"4,3"
1467,07.01.2016,"6,1","0,2","6,9"
1468,08.01.2016,"5,3","7,2",0
1469,09.01.2016,"4,9","5,6","2,6"
1470,10.01.2016,"7,3","5,2","0,2"
1471,11.01.2016,"5,5",0,"5,1"
1472,12.01.2016,"6,5","1,5","3,5"
1473,13.01.2016,"5,2","0,5","2,6"
1474,14.01.2016,"3,2",0,"5,5"
1475,15.01.2016,"2,8",0,"1,5"
1476,16.01.2016,2,"0,7","0,8"
1477,17.01.2016,"0,2","3,4",0
1478,18.01.2016,-2,"7,4",0
1479,19.01.2016,"-3,1","7,8",0
1480,20.01.2016,"0,4",1,0
1481,21.01.2016,"1,6","3,3",0
1482,22.01.2016,"0,2","5,7","3,7"
1483,23.01.2016,6,0,0
1484,24.01.2016,"6,4",0,"1,7"
1485,25.01.2016,"10,6","6,6",0
1486,26.01.2016,"10,8",0,"0,6"
1487,27.01.2016,"11,3",0,"6,3"
1488,28.01.2016,"7,3","7,5",0
1489,29.01.2016,"7,7",0,"0,6"
1490,30.01.2016,"7,4",0,"12,5"
1491,31.01.2016,"6,5",0,"6,2"
1492,01.02.2016,"11,5",0,"0,5"
1493,02.02.2016,"8,8",0,"13,2"
1494,03.02.2016,"5,2","3,4","0,2"
1495,04.02.2016,"4,7",0,"4,2"
1496,05.02.2016,"7,5",0,"0,9"
1497,06.02.2016,"9,8","4,7",0
1498,07.02.2016,"9,4","1,1","2,2"
1499,08.02.2016,"8,7","1,3","4,5"
1500,09.02.2016,"6,5","0,1","13,7"
1501,10.02.2016,"4,5","0,6","4,6"
1502,11.02.2016,"5,1","3,5","0,1"
1503,12.02.2016,4,"3,6",0
1504,13.02.2016,"2,5","2,2","5,5"
1505,14.02.2016,"2,9",0,"3,6"
1506,15.02.2016,"1,4","1,3",1
1507,16.02.2016,"0,8","9,6",0
1508,17.02.2016,"1,8","8,6",0
1509,18.02.2016,"3,5","5,7",0
1510,19.02.2016,"2,4","1,8","2,1"
1511,20.02.2016,"7,3",0,"7,7"
1512,21.02.2016,"11,3",0,"0,1"
1513,22.02.2016,"7,5",0,"11,8"
1514,23.02.2016,4,"1,5","1,3"
1515,24.02.2016,"3,2","4,4","0,1"
1516,25.02.2016,"2,1","5,6",0
1517,26.02.2016,"2,9","1,9",0
1518,27.02.2016,"3,8",10,0
1519,28.02.2016,"2,5","6,7",0
1520,29.02.2016,"2,7","9,8",0
1521,01.03.2016,"1,7","3,6","7,2"
1522,02.03.2016,"6,1","1,9","4,5"
1523,03.03.2016,"4,1","3,1","0,3"
1524,04.03.2016,"2,3",0,"9,8"
1525,05.03.2016,"3,7",0,"3,5"
1526,06.03.2016,"3,1","1,9","13,1"
1527,07.03.2016,2,"3,2","0,9"
1528,08.03.2016,"2,2","2,2",0
1529,09.03.2016,"4,1","10,5",0
1530,10.03.2016,"4,6","10,2",0
1531,11.03.2016,"5,3","6,7",0
1532,12.03.2016,"3,7","10,7",0
1533,13.03.2016,"4,7","11,1",0
1534,14.03.2016,"4,3",11,0
1535,15.03.2016,"4,7","1,6",0
1536,16.03.2016,"5,6","7,6",0
1537,17.03.2016,"6,6","11,3",0
1538,18.03.2016,"3,7",0,0
1539,19.03.2016,"5,9",0,0
1540,20.03.2016,"6,7","0,9","0,7"
1541,21.03.2016,"7,5","0,2",0
1542,22.03.2016,"7,7",1,"0,7"
1543,23.03.2016,"7,7","1,2","0,2"
1544,24.03.2016,"7,6",0,2
1545,25.03.2016,"7,5",0,"7,3"
1546,26.03.2016,"10,5","10,6",2
1547,27.03.2016,"10,8","4,6","1,8"
1548,28.03.2016,"9,5","2,5",6
1549,29.03.2016,"8,1","2,5","1,4"
1550,30.03.2016,"10,3","3,1","0,8"
1551,31.03.2016,"7,9",0,"1,2"
1552,01.04.2016,"9,6","10,7",0
1553,02.04.2016,12,"7,5",0
1554,03.04.2016,"15,7",4,3
1555,04.04.2016,"14,1","6,6","1,3"
1556,05.04.2016,11,"0,3","8,2"
1557,06.04.2016,"10,6","4,2","0,5"
1558,07.04.2016,"8,2","6,5",1
1559,08.04.2016,"7,7","2,6","0,1"
1560,09.04.2016,"10,6","11,6",0
1561,10.04.2016,"12,9","6,3",0
1562,11.04.2016,"14,8","12,3","0,2"
1563,12.04.2016,"13,2","8,1","2,2"
1564,13.04.2016,"10,5",0,0
1565,14.04.2016,"11,9","11,1","5,6"
1566,15.04.2016,"12,9","5,6","0,1"
1567,16.04.2016,11,"3,2","1,7"
1568,17.04.2016,8,"5,2","0,2"
1569,18.04.2016,"8,8","7,2",0
1570,19.04.2016,"10,6",3,0
1571,20.04.2016,"9,7","13,3",0
1572,21.04.2016,"13,1","12,7",0
1573,22.04.2016,"11,7","9,2","0,2"
1574,23.04.2016,"7,5","4,5",0
1575,24.04.2016,"4,6","6,4","2,3"
1576,25.04.2016,"4,9","3,2","8,6"
1577,26.04.2016,"4,3","3,5","6,3"
1578,27.04.2016,"5,5",3,"4,2"
1579,28.04.2016,6,"6,2","0,8"
1580,29.04.2016,"7,8","2,7","7,5"
1581,30.04.2016,"7,8","0,2","2,7"
1582,01.05.2016,10,"9,3","0,0"
1583,02.05.2016,"13,2","12,3","1,6"
1584,03.05.2016,"12,2","7,7","0,0"
1585,04.05.2016,11,"14,3","0,0"
1586,05.05.2016,"14,4","14,4","0,0"
1587,06.05.2016,"18,3","13,1","0,0"
1588,07.05.2016,"20,5","14,3","0,0"
1589,08.05.2016,"21,4","14,7","0,0"
1590,09.05.2016,"21,4","12,4","0,0"
1591,10.05.2016,"19,9","2,8","0,0"
1592,11.05.2016,"20,5","9,6","0,0"
1593,12.05.2016,"20,3",12,"0,0"
1594,13.05.2016,"18,7",13,"0,0"
1595,14.05.2016,10,"3,5","0,0"
1596,15.05.2016,"9,4","4,6","0,0"
1597,16.05.2016,"10,3","3,8","0,0"
1598,17.05.2016,"13,9","2,3","0,0"
1599,18.05.2016,"15,3",2,"1,1"
1600,19.05.2016,"14,2","6,4","0,0"
1601,20.05.2016,15,"1,4","0,1"
1602,21.05.2016,"18,9","10,5","0,0"
1603,22.05.2016,"17,9","1,7","5,1"
1604,23.05.2016,"12,4",0,"8,5"
1605,24.05.2016,"11,5","0,6","0,0"
1606,25.05.2016,"13,5","6,1","0,0"
1607,26.05.2016,17,"10,6","0,0"
1608,27.05.2016,"18,6","4,5","7,8"
1609,28.05.2016,"18,8",6,"0,0"
1610,29.05.2016,"18,6","3,5","11,6"
1611,30.05.2016,"17,2","1,2","25,1"
1612,31.05.2016,"17,9","2,8","7,7"
1613,01.06.2016,"17,1","0,5","19,3"
1614,02.06.2016,"19,1","7,3","6,1"
1615,03.06.2016,"19,2","3,4","4,6"
1616,04.06.2016,"19,1","5,2","5,7"
1617,05.06.2016,"21,4","8,5",0
1618,06.06.2016,22,10,0
1619,07.06.2016,"20,4","8,9","1,4"
1620,08.06.2016,"19,2","11,4",0
1621,09.06.2016,"16,9","12,6",0
1622,10.06.2016,"17,6","11,1",0
1623,11.06.2016,"18,9","3,7",0
1624,12.06.2016,"16,9","0,9","6,9"
1625,13.06.2016,"16,1","1,6","11,4"
1626,14.06.2016,"16,7","4,3","0,8"
1627,15.06.2016,"14,7","2,5","18,4"
1628,16.06.2016,"15,1","7,7","7,7"
1629,17.06.2016,"15,3","3,3","0,8"
1630,18.06.2016,"14,7","1,8","10,1"
1631,19.06.2016,"14,8","6,1",0
1632,20.06.2016,"15,8","4,1","11,2"
1633,21.06.2016,"17,9","1,1","2,5"
1634,22.06.2016,"20,9","5,6",0
1656,14.07.2016,"15,8","9,9",0
1657,15.07.2016,17,"10,2",0
1658,16.07.2016,"19,2","0,4",0
1659,17.07.2016,"21,5","4,6",0
1660,18.07.2016,"22,4",13,0
1661,19.07.2016,"24,7","14,8",0
1662,20.07.2016,"27,2",12,0
1663,21.07.2016,"25,2","9,1",0
1664,22.07.2016,"23,9","8,6",0
1665,23.07.2016,"22,4","1,2",0
1666,24.07.2016,"22,6",10,0
1667,25.07.2016,"22,9","6,2",0
1668,26.07.2016,"20,4","2,9",0
1669,27.07.2016,"20,4","7,7","3,2"
1670,28.07.2016,20,"2,5","3,8"
1671,29.07.2016,"19,5","3,2","2,3"
1672,30.07.2016,20,7,0
1673,31.07.2016,18,4,"1,9"
1674,01.08.2016,"17,7","6,5",3
1675,02.08.2016,16,0,"9,5"
1676,03.08.2016,"18,5",0,"7,8"
1677,04.08.2016,"17,8",-,-
1678,05.08.2016,"17,3","3,4","0,6"
1679,06.08.2016,"18,2",8,0
1680,07.08.2016,"20,2","11,3",0
1681,08.08.2016,"18,7","4,3","0,4"
1682,09.08.2016,"15,5","6,6","0,5"
1683,10.08.2016,"13,4","6,5","1,8"
1684,11.08.2016,"12,8","0,9","10,5"
1685,12.08.2016,"18,1","1,7",0
1686,13.08.2016,"18,6","11,7",0
1687,14.08.2016,"18,8",9,0
1688,15.08.2016,"18,4","11,9",0
1689,16.08.2016,"18,6","13,7",0
1690,17.08.2016,"19,2","13,9",0
1691,18.08.2016,"20,1","13,3",0
1692,19.08.2016,"20,2","8,6","0,1"
1693,20.08.2016,"19,8","5,9","1,3"
1694,21.08.2016,17,"2,3","0,7"
1695,22.08.2016,"17,2",3,2
1696,23.08.2016,"20,8","13,5",0
1697,24.08.2016,"24,5","13,6",0
1698,25.08.2016,"26,2","13,5",0
1699,26.08.2016,"26,3","12,4",0
1700,27.08.2016,"25,7","10,5",2
1701,28.08.2016,"24,1","10,4",0
1702,29.08.2016,"19,1","2,8","0,6"
1703,30.08.2016,"18,4","12,8",0
1704,31.08.2016,"19,8","12,6",0
1705,01.09.2016,"19,8","8,5",0
1706,02.09.2016,"19,6","9,8",0
1707,03.09.2016,"19,9","8,2","0,8"
1708,04.09.2016,19,"2,7","14,8"
1709,05.09.2016,"17,8",6,0
1710,06.09.2016,19,"12,1",0
1711,07.09.2016,"20,5","12,7",0
1712,08.09.2016,"22,3","12,1",0
1713,09.09.2016,"18,4","8,2",0
1714,10.09.2016,"19,5","11,9",0
1715,11.09.2016,"19,8","9,3",0
1716,12.09.2016,"22,2","11,4",0
1717,13.09.2016,"24,4","11,9",0
1718,14.09.2016,"24,8","11,7",0
1719,15.09.2016,"23,5","10,5","4,7"
1720,16.09.2016,"18,4","4,8",0
1721,17.09.2016,"17,9","4,1","1,5"
1722,18.09.2016,"17,1","2,2",0
1723,19.09.2016,"15,7","0,6",0
1724,20.09.2016,"15,5","0,1",0
1725,21.09.2016,16,"10,1",0
1726,22.09.2016,"15,2","8,6",0
1727,23.09.2016,"15,8","6,6",0
1728,24.09.2016,"16,9",11,0
1729,25.09.2016,"18,3","10,3",0
1730,26.09.2016,"15,8","7,9",0
1731,27.09.2016,"15,3","10,1",0
1732,28.09.2016,"17,7","4,9",0
1733,29.09.2016,"18,2","5,6","1,9"
1734,30.09.2016,"15,4","3,9","0,2"
1735,01.10.2016,"14,4",3,"0,3"
1736,02.10.2016,"12,7",1,"1,3"
1737,03.10.2016,"13,8","4,1","3,2"
1738,04.10.2016,"12,9","5,3",0
1739,05.10.2016,"10,2","10,8",0
1740,06.10.2016,9,"0,4",0
1741,07.10.2016,"11,7","0,2","0,2"
1742,08.10.2016,"10,2","7,1",0
1743,09.10.2016,"9,3","5,5",0
1744,10.10.2016,9,"2,7",0
1745,11.10.2016,"8,1","5,5","2,9"
1746,12.10.2016,9,0,0
1747,13.10.2016,"9,2","4,6",0
1748,14.10.2016,"10,3",1,"1,3"
1749,15.10.2016,"11,8","3,4","0,6"
1750,16.10.2016,"12,9","9,9",0
1751,17.10.2016,"12,9","0,8",0
1752,18.10.2016,"11,2",4,"5,4"
1753,19.10.2016,"8,8","0,1","11,7"
1754,20.10.2016,"7,9",0,"2,6"
1755,21.10.2016,"7,8","0,1","4,4"
1756,22.10.2016,"8,2","2,6",0
1757,23.10.2016,"5,6","3,3",0
1758,24.10.2016,"9,7",0,"5,8"
1759,25.10.2016,"9,6",0,0
1760,26.10.2016,"10,1","2,1",0
1761,27.10.2016,"11,1",0,0
1762,28.10.2016,"12,6",0,"0,1"
1763,29.10.2016,"11,5","7,4",0
1764,30.10.2016,"9,8","8,4",0
1765,31.10.2016,"10,2","9,1",0
1766,01.11.2016,"10,1","7,3","0,4"
1767,02.11.2016,"8,2","3,5","1,1"
1768,03.11.2016,"7,5","0,2",0
1769,04.11.2016,"7,5",2,"2,4"
1770,05.11.2016,"8,1",1,"0,1"
1771,06.11.2016,"6,3","2,3","1,7"
1772,07.11.2016,"5,3",0,"2,8"
1773,08.11.2016,3,"0,5",1
1774,09.11.2016,"3,1",0,"11,3"
1775,10.11.2016,"5,1",0,"7,4"
1776,11.11.2016,"3,9",0,0
1777,12.11.2016,"2,7",6,0
1778,13.11.2016,"3,9","0,9",0
1779,14.11.2016,"2,7","3,1",1
1780,15.11.2016,"6,2",0,"11,6"
1781,16.11.2016,"11,7",0,"10,1"
1782,17.11.2016,"11,2","0,7","5,2"
1783,18.11.2016,"8,1",3,"3,3"
1784,19.11.2016,"6,4","0,4","0,7"
1785,20.11.2016,"10,2","1,5","1,2"
1786,21.11.2016,"12,9",0,"5,1"
1787,22.11.2016,"12,1","0,9","0,1"
1788,23.11.2016,"10,7","0,6","0,3"
1789,24.11.2016,"8,8","2,3","0,1"
1790,25.11.2016,"5,4","7,7",0
1791,26.11.2016,"5,9",0,"0,5"
1792,27.11.2016,"4,7","0,5","0,1"
1793,28.11.2016,"1,1","7,6",0
1794,29.11.2016,"-0,4","7,9",0
1795,30.11.2016,"1,2","6,2",0
1796,01.12.2016,"5,2",0,0
1797,02.12.2016,"6,2",0,"1,2"
1798,03.12.2016,"0,1",7,0
1799,04.12.2016,"-0,2","7,6",0
1800,05.12.2016,"1,5","7,4",0
1801,06.12.2016,"1,6","6,9",0
1802,07.12.2016,"3,7","0,8",0
1803,08.12.2016,"5,9","3,4","0,2"
1804,09.12.2016,"8,8",0,0
1805,10.12.2016,"7,9","2,5","1,6"
1806,11.12.2016,"8,8",0,"0,7"
1807,12.12.2016,"7,6",0,0
1808,13.12.2016,"6,3",0,"2,5"
1809,14.12.2016,"7,9",2,0
1810,15.12.2016,"7,8","0,7",0
1811,16.12.2016,5,"6,5",0
1812,17.12.2016,5,"1,5","0,1"
1813,18.12.2016,"6,7",0,0
1814,19.12.2016,"5,1","7,2",0
1815,20.12.2016,"2,3","6,8",0
1816,21.12.2016,"2,7","5,6","7,5"
1817,22.12.2016,5,0,"4,2"
1818,23.12.2016,"5,3","1,1","1,2"
1819,24.12.2016,"7,6",1,"0,7"
1820,25.12.2016,"8,9",0,"0,7"
1821,26.12.2016,"7,8","2,1","3,7"
1822,27.12.2016,"5,4","5,9",0
1823,28.12.2016,"5,1","0,3",0
1824,29.12.2016,"2,7","7,4",0
1825,30.12.2016,"1,6","7,4",0
1826,31.12.2016,"-0,1","3,5",0
1827,01.01.2017,"-0,5","4,5","0,8"
1836,10.01.2017,"3,5",0,"0,8"
1837,11.01.2017,"5,3","0,1",3
1838,12.01.2017,5,"1,7","13,2"
1839,13.01.2017,"2,4","1,6","2,8"
1840,14.01.2017,"2,2","2,4","1,6"
1841,15.01.2017,1,"1,9","0,7"
1842,16.01.2017,"0,5","3,3",0
1843,17.01.2017,-2,"7,5",0
1844,18.01.2017,"-2,2","6,4",0
1845,19.01.2017,"-0,8","8,1",0
1846,20.01.2017,"-0,3","7,6",0
1847,21.01.2017,"0,7","8,2",0
1848,22.01.2017,-1,"7,8",0
1849,23.01.2017,"-1,7",0,0
1850,24.01.2017,"0,5",0,0
1851,25.01.2017,"-0,4","3,4",0
1852,26.01.2017,"-0,6",8,0
1853,27.01.2017,"2,4","5,6",0
1854,28.01.2017,5,"3,6","1,8"
1855,29.01.2017,"5,3","2,3","3,6"
1856,30.01.2017,"5,4",0,"3,3"
1857,31.01.2017,"3,2",0,0
1858,01.02.2017,"3,9","3,1","0,5"
1859,02.02.2017,"7,7","4,3",1
1860,03.02.2017,"8,8","0,6","1,9"
1861,04.02.2017,"6,4",0,"5,3"
1862,05.02.2017,6,"4,6",0
1863,06.02.2017,"4,4","2,2",0
1864,07.02.2017,"4,9",0,"2,1"
1865,08.02.2017,4,0,0
1866,09.02.2017,"1,7","3,3",0
1867,10.02.2017,"0,8",0,"2,2"
1868,11.02.2017,"1,7","0,2",6
1869,12.02.2017,"4,2","4,6",0
1870,13.02.2017,"3,9","8,7",0
1871,14.02.2017,"4,9","9,4",0
1872,15.02.2017,"8,6","8,7",0
1873,16.02.2017,"9,4","5,5",0
1874,17.02.2017,"7,1",0,"1,2"
1875,18.02.2017,"7,2","0,6",0
1876,19.02.2017,"5,4","1,1",1
1877,20.02.2017,"8,8",0,"6,6"
1878,21.02.2017,"10,5","4,7","0,7"
1879,22.02.2017,"10,2",0,"13,6"
1880,23.02.2017,"9,1","0,9","4,1"
1881,24.02.2017,"5,1","5,6",0
1882,25.02.2017,"5,6","5,1",0
1883,26.02.2017,"9,7","0,8",0
1884,27.02.2017,"10,8","0,1","8,9"
1885,28.02.2017,"5,8","1,4","8,4"
1886,01.03.2017,"6,1","2,1","5,3"
1887,02.03.2017,"7,7","0,8","0,1"
1888,03.03.2017,"7,8","2,7",0
1889,04.03.2017,"11,3","0,7","8,7"
1890,05.03.2017,"7,8","4,1","7,6"
1891,06.03.2017,"6,4","0,1","2,7"
1892,07.03.2017,"6,5","0,9","0,2"
1893,08.03.2017,6,0,19
1894,09.03.2017,"8,3",1,2
1895,10.03.2017,"7,5","8,2",0
1896,11.03.2017,"9,4","9,3",0
1897,12.03.2017,"10,4","8,9",0
1898,13.03.2017,"9,5",9,0
1899,14.03.2017,"10,4",6,0
1900,15.03.2017,"10,9","5,9",0
1901,16.03.2017,"10,5","10,8",0
1902,17.03.2017,"9,6","2,5","3,4"
1903,18.03.2017,"9,4",0,"13,7"
1904,19.03.2017,"11,4","0,2","0,1"
1905,20.03.2017,"11,3","0,1","0,2"
1906,21.03.2017,"9,1","1,1",2
1907,22.03.2017,"7,4","9,2",0
1908,23.03.2017,10,"10,2",0
1909,24.03.2017,"9,9","10,3",0
1910,25.03.2017,"10,4","11,6",0
1911,26.03.2017,10,"11,7",0
1912,27.03.2017,"12,4","12,3",0
1913,28.03.2017,"14,3","11,7",0
1914,29.03.2017,"13,7","2,3",0
1915,30.03.2017,"16,9","9,5",0
1916,31.03.2017,"17,5","8,7","0,1"
1917,01.04.2017,"13,6","4,3","1,9"
1918,02.04.2017,"13,1","9,4",0
1919,03.04.2017,"10,8","7,4",0
1920,04.04.2017,"10,8","9,8",0
1921,05.04.2017,"9,3",2,"0,3"
1922,06.04.2017,"8,4","1,7","0,1"
1923,07.04.2017,"10,3",0,0
1924,08.04.2017,"11,9","5,5",0
1925,09.04.2017,"13,1","12,2",0
1926,10.04.2017,"11,2","3,2",0
1927,11.04.2017,"9,7","4,6",0
1928,12.04.2017,"10,8",1,"0,6"
1929,13.04.2017,"10,4","2,3",0
1930,14.04.2017,"8,6","0,1",0
1931,15.04.2017,"9,5","1,6","0,9"
1932,16.04.2017,8,"2,1","12,3"
1933,17.04.2017,"6,8","4,9","0,5"
1934,18.04.2017,6,"7,9","0,2"
1935,19.04.2017,"4,8",9,0
1936,20.04.2017,"6,2","13,3",0
1937,21.04.2017,"9,6","0,1","0,9"
1938,22.04.2017,"8,7",2,0
1939,23.04.2017,"7,2","4,1",0
1940,24.04.2017,10,"6,5","1,3"
1941,25.04.2017,"7,6","5,5","0,9"
1942,26.04.2017,"6,4","7,5",0
1943,27.04.2017,"7,5","8,2",0
1944,28.04.2017,"7,8","1,3",0
1945,29.04.2017,"8,8","10,9",0
1946,30.04.2017,"13,2","13,7","0,1"
1947,01.05.2017,"10,6",0,"7,2"
1948,02.05.2017,"9,5","0,1",9
1949,03.05.2017,"11,1","4,2","8,9"
1950,04.05.2017,11,"0,8","0,1"
1951,05.05.2017,"9,8","1,1",0
1952,06.05.2017,"14,2","12,8",0
1953,07.05.2017,"13,6","5,1",0
1954,08.05.2017,"9,6","0,9","0,2"
1955,09.05.2017,"9,4","11,2",0
1956,10.05.2017,"11,4","14,4",0
1957,11.05.2017,"16,6","8,7","1,3"
1958,12.05.2017,"17,4","7,1","4,6"
1959,13.05.2017,"17,6",9,"0,1"
1960,14.05.2017,"16,7","6,4","0,1"
1961,15.05.2017,"17,4","12,4",0
1962,16.05.2017,"21,3","8,9",0
1963,17.05.2017,"24,1",13,"0,7"
1964,18.05.2017,"18,1",1,"6,7"
1965,19.05.2017,"13,7",0,"2,7"
1966,20.05.2017,"13,9","9,3",0
1967,21.05.2017,"15,9","14,3",0
1968,22.05.2017,"19,1","12,6",0
1969,23.05.2017,"19,6","12,1",0
1970,24.05.2017,"18,1","4,1",0
1971,25.05.2017,"17,7",12,0
1972,26.05.2017,"21,2","15,4",0
1973,27.05.2017,"25,2","15,3",0
1974,28.05.2017,"23,3","7,8","0,3"
1975,29.05.2017,"26,9","12,2","0,9"
1976,30.05.2017,"21,9","5,8",0
1977,31.05.2017,"19,3","7,4",0
1978,01.06.2017,"20,4","14,4",0
1979,02.06.2017,23,"10,2","0,7"
1980,03.06.2017,"21,1","7,7","4,7"
1981,04.06.2017,"17,2","4,6",0
1982,05.06.2017,"18,1","11,7",0
1983,06.06.2017,"16,5","5,7","1,7"
1984,07.06.2017,"14,9","4,7","1,6"
1985,08.06.2017,"19,4","9,3",0
1986,09.06.2017,18,"4,5","7,9"
1987,10.06.2017,"19,1","15,4",0
1988,11.06.2017,23,"7,3","0,2"
1989,12.06.2017,"17,8",5,0
1990,13.06.2017,"17,5",5,0
1991,14.06.2017,"19,9","15,1",0
1992,15.06.2017,"22,1","9,1","8,9"
1993,16.06.2017,"17,7","5,4",0
1994,17.06.2017,"18,3","0,5",0
1995,18.06.2017,"22,4","12,7",0
1996,19.06.2017,"24,8","15,5",0
1997,20.06.2017,"25,4","12,8",0
1998,21.06.2017,"24,3","14,8",0
1999,22.06.2017,"27,1","12,9",0
2000,23.06.2017,"22,4","7,8",0
2001,24.06.2017,"18,5",1,"0,5"
2002,25.06.2017,20,"3,4",0
2003,26.06.2017,"20,3","9,9","0,2"
2004,27.06.2017,"19,1",0,"1,6"
2005,28.06.2017,"19,7","3,5","13,1"
2006,29.06.2017,"19,2","2,2",0
2007,30.06.2017,"18,9","3,8","4,2"
2008,01.07.2017,"16,1","0,4","5,8"
2009,02.07.2017,"17,1","4,7","0,6"
2010,03.07.2017,"18,2","11,2",0
2011,04.07.2017,"20,2","8,7",0
2012,05.07.2017,"22,4","12,4",0
2013,06.07.2017,"22,5","8,6","0,9"
2014,07.07.2017,24,12,"0,5"
2015,08.07.2017,"23,1","7,8",0
2016,09.07.2017,"22,2","9,6","0,2"
2017,10.07.2017,"21,9","4,5",0
2018,11.07.2017,"19,7","4,4","8,1"
2019,12.07.2017,"16,2","1,5",20
2020,13.07.2017,"16,2",11,0
2021,14.07.2017,"16,6","4,7","1,8"
2022,15.07.2017,"17,5","6,5","0,2"
2023,16.07.2017,"19,8","1,1","4,4"
2024,17.07.2017,"20,5","8,6","0,7"
2025,18.07.2017,"22,4","15,1",0
2026,19.07.2017,"23,5","9,9","23,3"
2027,20.07.2017,"21,6","5,3","0,6"
2028,21.07.2017,"20,3","14,3","0,1"
2029,22.07.2017,"22,9","8,3","12,7"
2030,23.07.2017,"17,9","5,7","3,5"
2031,24.07.2017,"15,4","2,2","11,6"
2034,27.07.2017,"18,9",4,0
2035,28.07.2017,"18,3",6,"0,6"
2036,29.07.2017,"21,8","5,9",0
2037,30.07.2017,"23,1","6,9","0,1"
2038,31.07.2017,21,"12,4","0,5"
2039,01.08.2017,"18,9","1,2","1,5"
2040,02.08.2017,"19,3","2,6","4,9"
2041,03.08.2017,"20,9","5,5","0,7"
2042,04.08.2017,"20,2","2,8","1,4"
2043,05.08.2017,"16,7","1,1","12,4"
2044,06.08.2017,"16,9","10,3",0
2045,07.08.2017,"19,1",14,0
2046,08.08.2017,"17,4","2,3","7,2"
2047,09.08.2017,"18,1","10,5","10,4"
2048,10.08.2017,"15,7",0,"10,5"
2049,11.08.2017,"16,1",0,"0,2"
2050,12.08.2017,"16,2","0,6","4,3"
2051,13.08.2017,"18,3",10,0
2052,14.08.2017,"19,8","10,5",0
2053,15.08.2017,"20,6","3,5","1,9"
2054,16.08.2017,"20,1","5,3",0
2055,17.08.2017,"19,7","1,1","3,5"
2056,18.08.2017,"17,8","0,1","3,8"
2057,19.08.2017,"15,6","4,6","0,3"
2058,20.08.2017,"16,1","5,9",0
2059,21.08.2017,"16,6","10,9",0
2060,22.08.2017,"18,5","10,2",0
2061,23.08.2017,"20,9","10,9",0
2062,24.08.2017,"19,7","6,9",0
2063,25.08.2017,"19,4","6,6",0
2064,26.08.2017,"21,1","4,8",0
2065,27.08.2017,"20,3","11,9",0
2066,28.08.2017,"21,1","12,2",0
2067,29.08.2017,"23,7",12,0
2068,30.08.2017,"22,3","2,1","2,5"
2069,31.08.2017,"15,8","1,9",1
2070,01.09.2017,"15,5","5,9",1
2071,02.09.2017,"14,8","4,8","1,6"
2072,03.09.2017,"15,1","10,9",0
2073,04.09.2017,"17,1","8,9",0
2074,05.09.2017,"20,3","3,2","0,1"
2075,06.09.2017,"17,2","3,5","0,9"
2076,07.09.2017,"16,1","1,2",0
2077,08.09.2017,"15,6",0,30
2078,09.09.2017,"13,7","2,5","4,8"
2079,10.09.2017,14,"7,2","1,2"
2080,11.09.2017,"15,2","4,4","3,7"
2081,12.09.2017,"14,1","5,4","12,4"
2082,13.09.2017,"15,3","5,8","4,8"
2083,14.09.2017,"12,2",2,"10,5"
2084,15.09.2017,"12,1","3,4","0,7"
2085,16.09.2017,"11,4","7,8","0,1"
2086,17.09.2017,"11,2","5,1","0,3"
2087,18.09.2017,"11,2",1,"6,5"
2088,19.09.2017,"12,2",4,"1,6"
2089,20.09.2017,"12,6",5,"0,4"
2090,21.09.2017,"13,5","11,1",0
2091,22.09.2017,"14,2","6,3","2,2"
2092,23.09.2017,"14,4","5,9",0
2093,24.09.2017,"13,7","7,5",0
2094,25.09.2017,"14,1","2,3",0
2095,26.09.2017,"14,7","1,8",0
2096,27.09.2017,"15,3","9,5",0
2097,28.09.2017,"17,3","2,3","3,5"
2098,29.09.2017,"18,9","8,4","3,7"
2099,30.09.2017,"14,2","0,1","11,2"
2100,01.10.2017,"13,4",8,"0,6"
2101,02.10.2017,"16,1","2,6",6
2102,03.10.2017,"13,1","3,6",0
2103,04.10.2017,"12,8",2,"1,5"
2104,05.10.2017,"12,7","3,6","1,4"
2105,06.10.2017,"10,9",5,"2,6"
2106,07.10.2017,"10,6",0,"7,9"
2107,08.10.2017,"12,3","2,1","0,5"
2108,09.10.2017,"11,8","0,3","1,4"
2109,10.10.2017,"14,4","0,1","0,2"
2110,11.10.2017,"14,9","0,1",0
2111,12.10.2017,"14,5","5,3",0
2112,13.10.2017,"15,3","2,8",0
2113,14.10.2017,"16,2","10,2",0
2114,15.10.2017,"16,5",10,0
2115,16.10.2017,"18,2","8,8",0
2116,17.10.2017,"15,3","3,8",0
2117,18.10.2017,"14,7","9,3",0
2118,19.10.2017,"16,2","9,3","3,7"
2119,20.10.2017,"14,7","2,1","5,7"
2120,21.10.2017,"13,6","0,4","3,4"
2121,22.10.2017,11,0,"0,1"
2122,23.10.2017,"11,8",1,"0,9"
2123,24.10.2017,"14,3",0,"0,3"
2124,25.10.2017,"15,6","0,2",0
2125,26.10.2017,"14,7","1,3","3,6"
2126,27.10.2017,"12,1","4,9",0
2127,28.10.2017,"10,5",0,"3,5"
2128,29.10.2017,"10,5","5,7","0,5"
2129,30.10.2017,"7,8","6,9",0
2130,31.10.2017,9,"0,2","0,2"
2131,01.11.2017,11,"4,4",0
2132,02.11.2017,"10,3","0,7","0,6"
2133,03.11.2017,"10,3","2,4",0
2134,04.11.2017,"11,3","6,5","1,9"
2135,05.11.2017,9,"2,5","2,4"
2136,06.11.2017,"5,9",5,0
2137,07.11.2017,"5,4","5,5",0
2138,08.11.2017,"7,3",0,0
2139,09.11.2017,8,"0,8","2,5"
2140,10.11.2017,"8,2","0,7","4,3"
2141,11.11.2017,"6,5",0,"1,3"
2142,12.11.2017,"5,3","0,6","1,9"
2143,13.11.2017,"6,2","5,2",0
2144,14.11.2017,6,"1,1","2,2"
2145,15.11.2017,8,0,"0,5"
2146,16.11.2017,8,0,"1,4"
2147,17.11.2017,"7,1","6,1",0
2148,18.11.2017,"5,2","0,6","3,4"
2149,19.11.2017,"5,9","3,1","3,4"
2150,20.11.2017,"5,9",0,"13,6"
2151,21.11.2017,"10,3",0,"1,6"
2152,22.11.2017,"11,1","5,8",0
2153,23.11.2017,"12,3","0,6",13
2154,24.11.2017,"8,5","0,1","6,3"
2155,25.11.2017,"5,2","1,2","0,2"
2156,26.11.2017,"4,2","0,5",0
2157,27.11.2017,6,0,"9,1"
2158,28.11.2017,"5,8","2,5",0
2159,29.11.2017,"3,5",3,0
2160,30.11.2017,"2,9",0,"0,4"
2161,01.12.2017,"2,8",1,0
2162,02.12.2017,0,0,"0,3"
2163,03.12.2017,"1,5",0,"4,6"
2164,04.12.2017,"5,8",0,"0,5"
2165,05.12.2017,"6,3",0,"0,3"
2166,06.12.2017,"7,4",0,0
2167,07.12.2017,"5,6",0,"8,6"
2168,08.12.2017,"2,9","1,1","9,8"
2169,09.12.2017,"1,2","0,1","1,9"
2170,10.12.2017,"2,6",0,"8,6"
2171,11.12.2017,"3,6",0,"10,9"
2172,12.12.2017,"2,5",0,"0,2"
2173,13.12.2017,"3,8",0,"19,6"
2174,14.12.2017,"4,1",1,"3,2"
2175,15.12.2017,"3,7",0,"0,5"
2176,16.12.2017,"3,5","3,7","3,5"
2177,17.12.2017,"2,6",0,"8,8"
2178,18.12.2017,"2,1",0,"0,3"
2179,19.12.2017,"4,8",0,"4,9"
2180,20.12.2017,"6,6",0,"0,9"
2181,21.12.2017,"8,4",0,3
2182,22.12.2017,9,0,"3,2"
2183,23.12.2017,9,0,"0,3"
2184,24.12.2017,9,0,0
2185,25.12.2017,"7,2",0,"0,2"
2186,26.12.2017,"5,8","0,4","2,1"
2187,27.12.2017,"5,8","0,8",5
2188,28.12.2017,"3,4","1,8",0
2189,29.12.2017,"2,3","2,8","4,9"
2190,30.12.2017,"8,4",0,"9,2"
2191,31.12.2017,"12,2",0,4
2192,01.01.2018,"7,1","1,3","9,6"
2193,18.04.2018,"18,4",13,0
2194,19.04.2018,"21,4","13,4",0
2195,20.04.2018,"21,2","12,3",0
2196,22.04.2018,"19,5","10,8","8,6"
2197,06.05.2018,"18,3","14,7",0
2198,07.05.2018,"19,3","14,6",0
2199,08.05.2018,21,"14,6",0
2200,09.05.2018,"21,4","10,2",0
2201,14.05.2018,19,"10,5",0
2202,20.05.2018,"17,2","12,5",0
2203,21.05.2018,"19,7","12,6",2
2204,23.05.2018,"19,2","4,5","4,5"
2205,25.05.2018,"20,6","9,8",0
2206,26.05.2018,"22,9","12,5",0
2207,27.05.2018,"21,9","6,8","0,1"
2208,28.05.2018,"23,9","12,6",0
2209,29.05.2018,"22,7","8,2","7,3"
2210,30.05.2018,"21,9","11,8",4
2211,31.05.2018,"22,4","11,2","8,1"
2212,04.06.2018,"21,4","12,9",0
2213,06.06.2018,"22,2","15,4",0
2214,07.06.2018,"21,7","10,2","36,1"
2215,09.06.2018,"22,2","11,8","24,6"
2216,10.06.2018,"21,1","6,4",0
2217,20.06.2018,"22,7","10,7",0
2218,27.06.2018,"20,1","15,2",0
2219,28.06.2018,"22,6","15,3",0
2220,29.06.2018,"23,6","15,8",0
2221,30.06.2018,"23,2","15,6",0
2222,01.07.2018,"22,2","15,9",0
2223,02.07.2018,"21,8","15,9",0
2224,03.07.2018,"23,4","15,6",0
2225,04.07.2018,"23,8","5,9",0
2226,05.07.2018,"22,7","8,1",0
2227,06.07.2018,"20,8","6,2",0
2228,07.07.2018,"21,8","13,4",0
2229,08.07.2018,"20,5","15,4",0
2230,12.07.2018,"20,7","9,9",0
2231,13.07.2018,"21,9","15,1",0
2232,14.07.2018,"22,2","14,9",0
2233,15.07.2018,"22,8","15,5",0
2234,16.07.2018,"23,9","15,4",0
2235,17.07.2018,"23,4","11,1",0
2236,18.07.2018,"21,6",14,0
2237,19.07.2018,"23,1",10,0
2238,20.07.2018,"23,4","11,6",0
2239,21.07.2018,"23,7","10,5","0,9"
2240,22.07.2018,"22,8",10,0
2241,23.07.2018,"23,8","11,8",0
2242,24.07.2018,27,"14,5",0
2243,26.07.2018,"27,5","8,6","0,1"
2244,27.07.2018,"29,2","14,6",0
2245,28.07.2018,"24,7","7,1",1
2246,29.07.2018,"24,6","6,2",0
2247,30.07.2018,"27,2","12,4",0
2248,31.07.2018,26,"12,1",0
2249,01.08.2018,"24,6","8,8",0
2250,02.08.2018,"26,4","14,3",0
2251,03.08.2018,"28,4","13,9",0
2252,04.08.2018,27,"10,6",0
2253,05.08.2018,"23,2","12,7",0
2254,06.08.2018,"25,5","14,4",0
2255,07.08.2018,"28,3","13,6","5,1"
2256,08.08.2018,"23,2","5,2",0
2257,09.08.2018,"22,3","2,5","0,5"
2258,12.08.2018,"20,7","12,5","1,4"
2259,14.08.2018,"19,9","3,2","0,3"
2260,16.08.2018,"21,5","10,7","3,4"
2261,18.08.2018,19,"12,9",0
2262,19.08.2018,"20,9","12,3",0
2263,21.08.2018,"22,6",6,0
2264,22.08.2018,"23,5","12,5",0
2265,23.08.2018,"21,8","12,2","0,7"
2266,29.08.2018,"18,8","5,6",17
2267,04.09.2018,"19,3","7,3","8,6"
2268,05.09.2018,"21,2","6,3","9,6"
2269,11.09.2018,"20,2","10,7",0
2270,17.09.2018,"17,7","11,5",0
2271,18.09.2018,"22,5","11,8",0
2272,19.09.2018,"21,1","9,4",0
2273,20.09.2018,"20,5",10,0
2274,12.10.2018,"19,6","9,1",0
2275,13.10.2018,"20,7","10,2",0
2276,14.10.2018,"19,7","9,6",0
2277,01.01.2019,7,0,"2,1"
2278,02.01.2019,"4,5","2,3","0,1"
2279,03.01.2019,4,0,0
2280,04.01.2019,"3,5",0,"4,7"
2281,05.01.2019,"5,8",0,"2,9"
2282,06.01.2019,"5,6",0,"1,1"
2283,07.01.2019,"5,5",0,"6,8"
2284,08.01.2019,"6,5","0,6","4,1"
2285,09.01.2019,4,3,0
2286,10.01.2019,"1,6",0,1
2287,11.01.2019,"4,5",0,"2,7"
2288,12.01.2019,"6,3",0,"2,8"
2289,13.01.2019,"7,9",0,"14,6"
2290,14.01.2019,"4,9","2,3","3,1"
2291,15.01.2019,"5,3",0,"0,1"
2292,16.01.2019,"6,2",0,"0,2"
2293,17.01.2019,"4,1","0,1","5,1"
2294,18.01.2019,"0,6","5,9",0
2295,19.01.2019,"0,3","7,7",0
2296,20.01.2019,-1,"8,1",0
2297,21.01.2019,"-2,1",8,0
2298,22.01.2019,"-2,1","3,9","1,1"
2299,23.01.2019,"-0,9","0,8",0
2300,24.01.2019,"-2,5",0,0
2301,25.01.2019,"0,4",0,"2,6"
2302,26.01.2019,6,0,3
2303,27.01.2019,"5,6",0,"6,4"
2304,28.01.2019,"3,1",0,"2,3"
2305,29.01.2019,"2,4",3,0
2306,30.01.2019,"0,7",0,4
2307,31.01.2019,"-0,3","0,2","0,6"
2308,01.02.2019,"2,9","3,6","5,4"
2309,02.02.2019,"1,9",0,3
2310,03.02.2019,"2,5","3,9",0
2311,04.02.2019,"2,6","3,2","1,3"
2312,05.02.2019,"3,7",0,0
2313,06.02.2019,"5,6","0,4","2,2"
2314,07.02.2019,"7,1","2,5","0,4"
2315,08.02.2019,8,0,"3,8"
2316,09.02.2019,"8,5","3,2","9,8"
2317,10.02.2019,"7,3","0,2","19,2"
2318,11.02.2019,"4,6","2,8","1,7"
2319,12.02.2019,4,"1,8",0
2320,13.02.2019,"4,8","5,4",0
2321,14.02.2019,"6,3","9,5",0
2322,15.02.2019,"9,9","9,7",0
2323,16.02.2019,9,"9,4",0
2324,17.02.2019,"9,7","9,2",0
2325,18.02.2019,"9,6","9,5",0
2326,19.02.2019,"8,6",4,0
2327,20.02.2019,"8,1","5,4",0
2328,21.02.2019,"8,7","2,7","1,2"
2329,22.02.2019,10,"1,4","0,1"
2330,23.02.2019,"7,5","9,7",0
2331,24.02.2019,"8,3","10,1",0
2332,25.02.2019,"10,3","10,2",0
2333,26.02.2019,"10,4","10,2",0
2334,27.02.2019,11,"10,5",0
2335,28.02.2019,"9,3","5,9","2,3"
2336,01.03.2019,"7,4",0,"0,9"
2337,02.03.2019,"8,3","0,7","1,2"
2338,03.03.2019,"11,1",0,"1,1"
2339,04.03.2019,"9,8","2,4","3,6"
2340,05.03.2019,"7,1","3,1","0,4"
2341,06.03.2019,"9,9","0,9","3,7"
2342,07.03.2019,"9,6",3,"3,1"
2343,08.03.2019,"8,5",4,"1,6"
2344,09.03.2019,"9,4","1,9","4,8"
2345,10.03.2019,"7,6","1,8","6,5"
2346,11.03.2019,"5,2","2,2","0,6"
2347,12.03.2019,"6,8","1,1","0,9"
2348,13.03.2019,"6,3",0,"8,8"
2349,14.03.2019,"7,2","0,7","8,4"
2350,15.03.2019,"9,3","0,1","11,6"
2351,16.03.2019,10,0,"1,4"
2352,17.03.2019,"7,9","2,5","3,8"
2353,18.03.2019,"5,8",6,"0,4"
2354,19.03.2019,"5,4",8,0
2355,20.03.2019,"7,8",2,0
2356,21.03.2019,"10,5","11,3",0
2357,22.03.2019,"12,8",11,0
2358,23.03.2019,"9,6",0,0
2359,24.03.2019,9,"9,2",0
2360,25.03.2019,7,"4,7","3,6"
2361,26.03.2019,"7,7","0,5",0
2362,27.03.2019,"8,7",3,0
2363,28.03.2019,10,"0,7",0
2364,29.03.2019,"11,8","12,1",0
2365,30.03.2019,"13,1","11,5",0
2366,31.03.2019,"9,7","6,1",0
2367,01.04.2019,"9,7","12,3",0
2368,02.04.2019,"10,6","3,8",7
2369,03.04.2019,"8,1",0,"1,5"
2370,04.04.2019,"6,3",0,"1,9"
2371,05.04.2019,"7,5","2,1",0
2372,06.04.2019,"11,6","1,5",0
2373,07.04.2019,15,"8,8",0
2374,08.04.2019,"13,4","3,8",0
2375,09.04.2019,"12,5","7,1",0
2376,10.04.2019,"8,9","12,8",0
2377,11.04.2019,"7,1","12,6",0
2378,12.04.2019,"5,4","0,4",0
2379,13.04.2019,"3,8","7,1",0
2380,14.04.2019,"6,4","9,4",0
2381,15.04.2019,"11,3","10,3",0
2382,16.04.2019,"12,9","10,8","0,1"
2383,17.04.2019,14,"3,7","0,1"
2384,18.04.2019,"17,6",12,0
2385,19.04.2019,"18,1","13,5",0
2386,20.04.2019,"18,3","13,3",0
2387,21.04.2019,"17,6","13,4",0
2388,22.04.2019,"18,7","13,4",0
2389,23.04.2019,"16,8",12,0
2390,24.04.2019,"17,9","7,7","7,7"
2391,25.04.2019,14,"4,4","2,9"
2392,26.04.2019,"12,6","2,7",0
2393,27.04.2019,"9,9","2,6","6,1"
2394,28.04.2019,"9,9","6,2",0
2395,29.04.2019,11,"7,6",0
2396,30.04.2019,"12,9",10,0
2397,01.05.2019,"9,8","3,7",0
2398,02.05.2019,"10,4","2,8","2,4"
2399,03.05.2019,"9,4","3,8","8,6"
2400,04.05.2019,"5,5","5,4","3,1"
2401,05.05.2019,"7,3","5,7","0,3"
2402,06.05.2019,"7,2","1,7","0,8"
2403,07.05.2019,"9,4","5,8",0
2404,08.05.2019,"10,4","0,2",4
2405,09.05.2019,"11,9",5,"5,9"
2406,10.05.2019,11,"3,7","1,2"
2407,11.05.2019,"11,2","5,2","0,7"
2408,12.05.2019,"10,5","7,4",0
2409,13.05.2019,"11,3","14,8",0
2410,14.05.2019,"11,3","14,3",0
2411,15.05.2019,"11,8","14,6",0
2412,16.05.2019,"10,9","1,5","0,7"
2413,17.05.2019,11,0,"1,1"
2414,18.05.2019,"15,6","6,3","2,8"
2415,19.05.2019,"16,4","6,3","0,8"
2416,20.05.2019,"14,2",0,"3,1"
2417,21.05.2019,12,0,"8,8"
2418,22.05.2019,"14,1",6,0
2419,23.05.2019,"16,3","13,9",0
2420,24.05.2019,"17,5",8,"0,4"
2421,25.05.2019,15,"8,9",0
2422,26.05.2019,17,"3,6","2,3"
2423,27.05.2019,16,"3,6","0,1"
2424,28.05.2019,"13,2","2,5","3,9"
2425,29.05.2019,"14,5",15,0
2426,30.05.2019,"16,8","1,3",0
2427,31.05.2019,"19,3","11,7",0
2428,01.06.2019,"20,2","14,4",0
2429,02.06.2019,"24,9","15,2","8,5"
2430,03.06.2019,"20,2","2,4","0,1"
2431,04.06.2019,"22,4","9,5","1,3"
2432,05.06.2019,"22,4",9,"12,1"
2433,06.06.2019,"15,7","4,5",0
2434,07.06.2019,17,"10,7",2
2435,08.06.2019,"15,8","3,3",0
2436,09.06.2019,"17,3","9,1",0
2437,10.06.2019,19,"5,2","0,4"
2438,11.06.2019,"17,6","7,9",0
2439,12.06.2019,"17,7","7,2","9,3"
2440,13.06.2019,"17,3","8,1","0,1"
2441,14.06.2019,"20,3","12,5","1,1"
2442,15.06.2019,"19,6","5,6","0,1"
2443,16.06.2019,"19,6","11,8",0
2444,17.06.2019,"21,5","14,8",0
2445,18.06.2019,"23,4","11,4",0
2446,19.06.2019,"22,7",9,"8,9"
2447,20.06.2019,"18,3","4,1","1,5"
2448,21.06.2019,"17,8","10,7",0
2449,22.06.2019,"20,6","12,9",0
2450,23.06.2019,"24,4","13,2",0
2451,24.06.2019,"27,5","13,5",0
2452,25.06.2019,"29,7","13,4",0
2453,26.06.2019,"26,1","14,8",0
2454,27.06.2019,"21,1",14,0
2455,28.06.2019,"20,4","15,7",0
2456,29.06.2019,"25,9","15,9",0
2457,30.06.2019,"25,8","13,5",0
2458,01.07.2019,"21,2","11,6",0
2459,02.07.2019,"19,1","11,8",0
2460,03.07.2019,"18,2","11,3",0
2461,04.07.2019,"18,8","14,5",0
2462,05.07.2019,"21,7",9,0
2463,06.07.2019,"20,4","9,2","0,4"
2464,07.07.2019,"16,7",6,0
2465,08.07.2019,"15,1","1,8",0
2466,09.07.2019,"16,7","7,4",0
2467,10.07.2019,"16,7","8,2",-
2468,11.07.2019,"19,7","2,6",0
2469,12.07.2019,"19,1","5,4",2
2470,13.07.2019,"17,9","2,8",0
2471,14.07.2019,"16,4","0,1",0
2472,15.07.2019,"15,3",0,0
2473,16.07.2019,"15,5","4,2",0
2474,17.07.2019,"17,3","4,1",0
2475,18.07.2019,"20,5","5,4",0
2476,19.07.2019,"21,7","7,3",0
2477,20.07.2019,"21,2","6,7","9,8"
2478,21.07.2019,"20,3","7,3",0
2479,22.07.2019,"22,6","13,7",0
2480,23.07.2019,"26,6","15,2",0
2481,24.07.2019,"30,3",14,0
2482,25.07.2019,"31,7","12,9",0
2483,26.07.2019,"30,2","9,7",0
2484,27.07.2019,"23,6","4,2","0,1"
2485,28.07.2019,"19,4",0,0
2486,29.07.2019,"21,4","14,2",0
2487,30.07.2019,"23,4","9,9",0
2488,31.07.2019,"20,9","5,8","2,2"
2489,01.08.2019,"20,3","6,1",0
2490,02.08.2019,"19,2","6,3","3,7"
2491,03.08.2019,19,"2,9",0
2492,04.08.2019,"21,3","11,5","0,1"
2493,05.08.2019,"23,5",9,"0,2"
2494,06.08.2019,"21,7","5,8",0
2495,07.08.2019,21,"7,9",0
2496,08.08.2019,"20,2","10,9",0
2497,09.08.2019,"21,1","0,6","1,8"
2498,10.08.2019,"21,8","7,4",0
2499,11.08.2019,"20,1","5,9",0
2500,12.08.2019,"16,6","6,8","25,6"
2501,13.08.2019,"15,6","4,7","0,4"
2502,14.08.2019,"17,4","9,8","4,1"
2503,15.08.2019,18,"3,5","2,9"
2504,16.08.2019,"18,8","5,9","1,3"
2505,17.08.2019,19,0,"12,8"
2506,18.08.2019,"16,9","1,1","11,2"
2507,19.08.2019,"18,3","10,5","0,1"
2508,20.08.2019,"17,2","8,5",0
2509,21.08.2019,"17,2","11,8",0
2510,22.08.2019,"19,6","13,3",0
2511,23.08.2019,21,"12,8",0
2512,24.08.2019,"22,1","13,4",0
2513,25.08.2019,"24,1","10,4",0
2514,26.08.2019,"25,3","11,7",0
2515,27.08.2019,"25,3",10,"3,6"
2516,28.08.2019,"24,8","8,5","0,9"
2517,29.08.2019,"21,4","5,5",0
2518,30.08.2019,"20,1","12,1",0
2519,31.08.2019,"23,2","10,3",2
2520,01.09.2019,"18,2","3,4","0,4"
2521,02.09.2019,"16,3","11,7",0
2522,03.09.2019,"16,7","2,7",0
2523,04.09.2019,"17,9","4,9","1,9"
2524,05.09.2019,"14,6","5,3","0,3"
2525,06.09.2019,"14,7","10,4","1,5"
2526,07.09.2019,15,"3,7","3,9"
2527,08.09.2019,"14,5","2,3",0
2528,09.09.2019,"14,1","6,3",0
2529,10.09.2019,"14,3","11,7",0
2530,11.09.2019,"14,8","2,8","2,1"
2531,12.09.2019,"19,3","4,2",0
2532,13.09.2019,"18,3","1,8","0,3"
2533,14.09.2019,"15,4","11,9",0
2534,15.09.2019,"17,4","11,6",0
2535,16.09.2019,"15,6",0,"1,3"
2536,17.09.2019,"14,4","5,6",0
2537,18.09.2019,"12,4","8,4",0
2538,19.09.2019,"11,8","11,4",0
2539,20.09.2019,"12,9","11,4",0
2540,21.09.2019,"17,4","11,9",0
2541,22.09.2019,"19,9","8,5","12,8"
2542,23.09.2019,"16,6","1,9",0
2543,24.09.2019,"15,6","1,3","1,9"
2544,25.09.2019,16,"0,4","0,2"
2545,26.09.2019,"16,4","0,1","7,4"
2546,27.09.2019,16,"6,5","1,2"
2547,28.09.2019,"15,1","1,5","3,4"
2548,29.09.2019,"15,6","0,1","12,1"
2549,30.09.2019,15,"2,4","6,3"
2550,01.10.2019,"15,2","0,1","17,8"
2551,02.10.2019,11,"5,5","1,5"
2552,03.10.2019,"10,8","0,5","0,1"
2553,04.10.2019,"11,2",0,"6,5"
2554,05.10.2019,"10,3","3,2",0
2555,06.10.2019,9,0,"16,9"
2556,07.10.2019,"10,8",2,"9,2"
2557,08.10.2019,"13,1","0,2","2,4"
2558,09.10.2019,"12,4","0,5","0,9"
2559,10.10.2019,"12,7","3,8",0
2560,11.10.2019,"14,9",0,0
2561,12.10.2019,"16,4","5,4","0,4"
2562,13.10.2019,"19,3","3,9",0
2563,14.10.2019,"18,5","6,4",0
2564,15.10.2019,"15,6","1,1",7
2565,16.10.2019,"12,9",3,"10,2"
2566,17.10.2019,"14,2","0,3","1,6"
2567,18.10.2019,"13,1","3,1","3,3"
2568,19.10.2019,"12,1",0,"6,6"
2569,20.10.2019,"11,8",0,"9,2"
2570,21.10.2019,"13,8","3,8",0
2571,22.10.2019,"12,4","1,3",0
2572,23.10.2019,"13,7","6,1",0
2573,24.10.2019,"15,3","3,8",0
2574,25.10.2019,"14,8","7,5",0
2575,26.10.2019,"16,5","7,8","2,7"
2576,27.10.2019,"10,8","0,9","0,1"
2577,28.10.2019,7,"7,3",0
2578,29.10.2019,"7,6","6,8",0
2579,30.10.2019,"5,5","5,9",0
2580,31.10.2019,"4,6","8,7",0
2581,01.11.2019,"7,3",0,"9,9"
2582,02.11.2019,"13,2","0,5","3,3"
2583,03.11.2019,"11,8","0,5","3,2"
2584,04.11.2019,"10,2","0,7","5,4"
2585,05.11.2019,"9,4",0,"4,4"
2586,06.11.2019,"8,7",0,2
2587,07.11.2019,"8,1","0,8","2,5"
2588,08.11.2019,"5,8","5,1","1,2"
2589,09.11.2019,"5,4","1,7",0
2590,10.11.2019,"3,7","8,6",0
2591,11.11.2019,"5,2","0,1","2,8"
2592,12.11.2019,"5,2","0,5","1,8"
2593,13.11.2019,"5,7","0,2","0,2"
2594,14.11.2019,"5,8","0,7",0
2595,15.11.2019,"4,7","0,9",0
2596,16.11.2019,"5,1","5,7",0
2597,17.11.2019,"3,6",0,"12,3"
2598,18.11.2019,"5,5",0,"30,5"
2599,19.11.2019,"4,8","0,4","8,9"
2600,20.11.2019,"2,8","4,9",0
2601,21.11.2019,"2,8",2,"1,8"
2602,22.11.2019,6,"4,6","0,2"
2603,23.11.2019,"5,8","1,8",0
2604,24.11.2019,"6,1","5,5",0
2605,25.11.2019,"7,1",0,"0,2"
2606,26.11.2019,"9,4","0,2","1,2"
2607,27.11.2019,"10,8",0,3
2608,28.11.2019,10,0,"6,1"
2609,29.11.2019,"6,6","3,4",0
2610,30.11.2019,"2,2","6,6",0
2611,01.12.2019,"2,6","0,3",0
2612,02.12.2019,"3,3","0,1","2,2"
2613,03.12.2019,"5,3","0,3",0
2614,04.12.2019,"3,4","7,4","0,2"
2615,05.12.2019,"2,4","4,8",0
2616,06.12.2019,"4,1",0,"12,7"
2617,07.12.2019,9,0,"0,1"
2618,08.12.2019,"9,6",0,"3,6"
2619,09.12.2019,"6,9","0,1","6,8"
2620,10.12.2019,"4,6","4,5","1,9"
2621,11.12.2019,"4,4",0,"8,1"
2622,12.12.2019,"4,9",3,0
2623,13.12.2019,"4,5",0,"10,2"
2624,14.12.2019,"5,8","0,5","9,3"
2625,15.12.2019,"7,5","4,5","2,2"
2626,16.12.2019,"8,3",0,"0,3"
2627,17.12.2019,"12,7","0,5","4,7"
2628,18.12.2019,"8,5","6,6",0
2629,19.12.2019,"11,2","6,8",0
2630,20.12.2019,"10,5",0,"1,1"
2631,21.12.2019,"8,3","3,5","1,8"
2632,22.12.2019,"8,1","0,1","5,2"
2633,23.12.2019,"8,1","0,3","0,9"
2634,24.12.2019,"8,1",0,"10,2"
2635,25.12.2019,"7,7",0,"0,6"
2636,26.12.2019,"6,3","0,2","0,2"
2637,27.12.2019,"4,7","1,6",0
2638,28.12.2019,"1,8","3,9",0
2639,29.12.2019,"2,4","0,3",0
2640,30.12.2019,"4,6","6,7",0
2641,31.12.2019,"3,4",0,0
2642,01.01.2020,"1,5","4,9","0,0"
2643,02.01.2020,"2,6","0,3","0,0"
2644,03.01.2020,"7,7","0,0","1,8"
2645,04.01.2020,"5,6","0,0","1,2"
2646,05.01.2020,"6,8","0,0","0,0"
2647,06.01.2020,"5,9","4,9","1,2"
2648,07.01.2020,"7,0","1,1","0,0"
2649,08.01.2020,"9,1","0,0","4,8"
2650,09.01.2020,"11,2","0,0","7,6"
2651,10.01.2020,"7,8","0,0","4,4"
2652,11.01.2020,"5,2","1,1","0,0"
2653,12.01.2020,"6,0","0,0","0,9"
2654,13.01.2020,"7,5","1,6","0,3"
2655,14.01.2020,"10,1","0,0","1,2"
2656,15.01.2020,"11,3","2,0","1,5"
2657,16.01.2020,"8,4","7,9","0,0"
2658,17.01.2020,"8,7","0,0","1,7"
2659,18.01.2020,"5,1","1,2","0,8"
2660,19.01.2020,"3,4","1,1","0,5"
2661,20.01.2020,"3,1","0,0","0,0"
2662,21.01.2020,"1,2","8,0","0,0"
2663,22.01.2020,"0,1","0,0","0,0"
2664,23.01.2020,"3,0","0,0","0,0"
2665,24.01.2020,"1,1","0,0","0,0"
2666,25.01.2020,"2,2","0,0","0,0"
2667,26.01.2020,"5,1","5,0","2,6"
2668,27.01.2020,"7,4","0,0","3,5"
2669,28.01.2020,"5,6","1,5","3,0"
2670,29.01.2020,"5,1","1,3","0,6"
2671,30.01.2020,"8,4","2,7","2,0"
2672,31.01.2020,"12,1","0,7","2,1"
2673,01.02.2020,"11,2","0,1","18,2"
2674,02.02.2020,"9,7","0,0","4,5"
2675,03.02.2020,"10,0","1,5","9,8"
2676,04.02.2020,"4,8","1,2","1,2"
2677,05.02.2020,"4,8","6,4","0,0"
2678,06.02.2020,"4,8","0,0","0,0"
2679,07.02.2020,"4,4","8,9","0,0"
2680,08.02.2020,"6,7","1,7","0,0"
2681,09.02.2020,"10,8","2,1","5,0"
2682,10.02.2020,"8,6","1,1","4,6"
2683,11.02.2020,"5,5","2,9","0,1"
2684,12.02.2020,"5,4","4,4","0,0"
2685,13.02.2020,"5,1","0,0","10,3"
2686,14.02.2020,"7,1","0,0","0,0"
2687,15.02.2020,"9,3","6,2","1,8"
2688,16.02.2020,"13,8","0,0","8,1"
2689,17.02.2020,"8,9","3,9","0,9"
2690,18.02.2020,"7,5","1,9","4,3"
2691,19.02.2020,"6,1","2,9","0,8"
2692,20.02.2020,"7,9","0,7","4,3"
2693,21.02.2020,"6,5","3,5","0,0"
2694,22.02.2020,"8,6","0,4","8,4"
2695,23.02.2020,"9,6","0,0","12,1"
2696,24.02.2020,"7,6","0,0","2,0"
2697,25.02.2020,"7,7","4,2","12,5"
2698,26.02.2020,"3,1","0,2","5,2"
2699,27.02.2020,"2,7","0,0","12,8"
2700,28.02.2020,"4,2","5,1","4,7"
2701,29.02.2020,"8,6","2,9","2,1"
2702,01.03.2020,"7,3","1,6","7,7"
2703,02.03.2020,"6,5","0,8","6,5"
2704,03.03.2020,"5,5","7,5","0,0"
2705,04.03.2020,"6,6","6,4","0,8"
2706,05.03.2020,"6,1","0,0","13,8"
2707,06.03.2020,"5,4","0,1","0,9"
2708,07.03.2020,"6,9","5,1","0,0"
2709,08.03.2020,"8,9","1,9","4,7"
2710,09.03.2020,"8,2","2,2","6,3"
2711,10.03.2020,"10,1","0,0","11,3"
2712,11.03.2020,"11,9","0,4","6,1"
2713,12.03.2020,"10,4","6,8","0,2"
2714,13.03.2020,"7,5","2,0","0,9"
2715,14.03.2020,"7,9","7,3","0,0"
2716,15.03.2020,"10,8","4,7","0,0"
2717,16.03.2020,"11,1","10,7","0,0"
2718,17.03.2020,"11,2","10,6","0,0"
2719,18.03.2020,"11,2","11,0","0,0"
2720,19.03.2020,"11,7","4,0","0,0"
2721,20.03.2020,"8,3","0,0","1,9"
2722,21.03.2020,"6,2","11,4","0,0"
2723,22.03.2020,"5,6","12,1","0,0"
2724,23.03.2020,"5,4","12,0","0,0"
2725,24.03.2020,"6,0","12,1","0,0"
2726,25.03.2020,"7,2","12,0","0,0"
2727,26.03.2020,"6,9","11,9","0,0"
2728,27.03.2020,"10,3","11,3","0,0"
2729,28.03.2020,"9,9","11,7","0,0"
2730,29.03.2020,"3,6","2,2","1,0"
2731,30.03.2020,"3,6","6,9","0,6"
2732,31.03.2020,"5,3","12,1","0,0"
2733,01.04.2020,"5,5","12,5","0,0"
2734,02.04.2020,"6,5","4,5","0,1"
2735,03.04.2020,"8,6","2,3","0,0"
2736,04.04.2020,"8,3","12,7","0,0"
2737,05.04.2020,"13,5","12,7","0,0"
2738,06.04.2020,"16,5","12,6","0,0"
2739,07.04.2020,"15,6","10,3","0,0"
2740,08.04.2020,"17,5","12,3","0,0"
2741,09.04.2020,"16,2","12,4","0,0"
2742,10.04.2020,"14,6","12,8","0,0"
2743,11.04.2020,"14,7","12,7","0,0"
2744,12.04.2020,"16,6","10,4","0,0"
2745,13.04.2020,"9,4","7,3","0,0"
2746,14.04.2020,"7,0","3,5","0,0"
2747,15.04.2020,"10,4","11,3","0,0"
2748,16.04.2020,"15,6","12,1","0,0"
2749,17.04.2020,"14,7","12,7","0,0"
2750,18.04.2020,"14,1","4,5","0,6"
2751,19.04.2020,"13,9","5,4","0,0"
2752,20.04.2020,"13,6","13,6","0,0"
2753,21.04.2020,"14,5","13,6","0,0"
2754,22.04.2020,"15,6","13,8","0,0"
2755,23.04.2020,"15,7","13,4","0,0"
2756,24.04.2020,"15,1","12,7","0,0"
2757,25.04.2020,"11,1","8,5","0,0"
2758,26.04.2020,"12,8","13,7","0,0"
2759,27.04.2020,"14,9","13,1","0,0"
2760,28.04.2020,"14,0","1,7","4,0"
2761,29.04.2020,"14,2","3,0","2,2"
2762,30.04.2020,"11,6","5,6","4,2"
2763,01.05.2020,"10,9","5,0","2,2"
2764,02.05.2020,"10,3","4,9","2,4"
2765,03.05.2020,"12,0","6,0","0,6"
2766,04.05.2020,"12,6","6,1","0,0"
2767,05.05.2020,"10,5","14,5","0,0"
2768,06.05.2020,"12,5","14,7","0,0"
2769,07.05.2020,"14,4","12,8","0,0"
2770,08.05.2020,"16,3","10,3","0,0"
2771,09.05.2020,"18,6","12,3","0,0"
2772,10.05.2020,"15,8","1,8","0,7"
2773,11.05.2020,"9,2","6,5","0,0"
2774,12.05.2020,"8,3","7,2","0,0"
2775,13.05.2020,"9,3","5,7","0,0"
2776,14.05.2020,"10,0","14,1","0,0"
2777,15.05.2020,"10,9","11,9","0,0"
2778,16.05.2020,"12,3","9,2","0,0"
2779,17.05.2020,"12,9","11,0","0,0"
2780,18.05.2020,"16,9","12,8","0,0"
2781,19.05.2020,"17,7","10,3","0,0"
2782,20.05.2020,"17,2","4,8","0,0"
2783,21.05.2020,"19,6","15,1","0,0"
2784,22.05.2020,"20,2","0,6","0,1"
2785,23.05.2020,"16,5","5,0","0,0"
2786,24.05.2020,"13,8","2,9","1,6"
2787,25.05.2020,"15,9","4,8","0,0"
2788,26.05.2020,"16,5","15,2","0,0"
2789,27.05.2020,"18,5","13,9","0,0"
2790,28.05.2020,"16,4","15,2","0,0"
2791,29.05.2020,"17,3","15,4","0,0"
2792,30.05.2020,"18,4","15,5","0,0"
2793,31.05.2020,"17,3","13,3","0,0"
2794,01.06.2020,"20,3","14,0","0,0"
2795,02.06.2020,"22,3","14,3","0,0"
2796,03.06.2020,"20,8","9,4","0,0"
2797,04.06.2020,"13,9","0,0","3,3"
2798,05.06.2020,"10,7","2,9","12,3"
2799,06.06.2020,"13,3","6,0","2,6"
2800,07.06.2020,"14,4","2,4","0,0"
2801,08.06.2020,"14,9","1,9","0,1"
2802,09.06.2020,"15,1","2,9","1,9"
2803,10.06.2020,"15,7","0,0","0,3"
2804,11.06.2020,"16,6","1,1","3,5"
2805,12.06.2020,"21,4","14,1","0,5"
2806,13.06.2020,"21,4","8,2","0,0"
2807,14.06.2020,"19,5","0,0","0,1"
2808,15.06.2020,"19,8","0,2","0,7"
2809,16.06.2020,"18,9","1,2","0,0"
2810,17.06.2020,"19,1","4,4","10,1"
2811,18.06.2020,"18,7","2,5","0,6"
2812,19.06.2020,"19,6","13,7","0,0"
2813,20.06.2020,"19,1","9,6","0,0"
2814,21.06.2020,"20,7","8,4","3,5"
2815,22.06.2020,"18,4","6,9","0,0"
2816,23.06.2020,"21,6","15,4","0,0"
2817,24.06.2020,"23,8","15,7","0,0"
2818,25.06.2020,"24,0","10,8","0,0"
2819,26.06.2020,"25,1","12,9","0,0"
2820,27.06.2020,"23,9","5,0","0,9"
2821,28.06.2020,"19,8","3,9","2,8"
2822,29.06.2020,"17,6","6,3","0,7"
2823,30.06.2020,"18,3","4,4","7,6"
2824,01.07.2020,"18,6","2,2","22,9"
2825,02.07.2020,"17,6","5,0","0,7"
2826,03.07.2020,"17,6","4,1","0,0"
2827,04.07.2020,"18,9","0,0","0,6"
2828,05.07.2020,"20,7","2,7","0,4"
2829,06.07.2020,"15,6","5,3","3,7"
2830,07.07.2020,"16,1","5,6","1,8"
2831,08.07.2020,"14,6","0,0","4,4"
2832,09.07.2020,"19,0","1,3","0,1"
2833,10.07.2020,"17,3","3,5","0,4"
2834,11.07.2020,"15,4","7,5","0,0"
2835,12.07.2020,"17,2","12,0","0,0"
2836,13.07.2020,"19,4","13,1","0,1"
2837,14.07.2020,"17,2","3,9","2,6"
2838,15.07.2020,"16,9","4,8","0,1"
2839,16.07.2020,"15,8","0,0","2,9"
2840,17.07.2020,"18,2","0,5","0,0"
2841,18.07.2020,"21,6","10,1","0,0"
2842,19.07.2020,"22,6","11,3","1,1"
2843,20.07.2020,"18,5","7,2","0,0"
2844,21.07.2020,"17,5","12,1","0,0"
2845,22.07.2020,"17,8","13,6","0,0"
2846,23.07.2020,"19,9","14,1","0,0"
2847,24.07.2020,"20,3","3,2","0,0"
2848,25.07.2020,"20,5","0,5","8,6"
2849,26.07.2020,"19,7","6,4","0,9"
2850,27.07.2020,"21,3","2,9","0,4"
2851,28.07.2020,"20,5","5,4","0,0"
2852,29.07.2020,"18,9","10,7","0,0"
2853,30.07.2020,"20,9","14,4","0,0"
2854,31.07.2020,"25,8","14,9","0,0"
2855,01.08.2020,"25,8","7,1","0,1"
2856,02.08.2020,"20,9","3,3","0,0"
2857,03.08.2020,"19,0","8,9","0,0"
2858,04.08.2020,"18,4","12,3","0,0"
2859,05.08.2020,"22,0","14,2","0,0"
2860,06.08.2020,"25,0","14,5","0,0"
2861,07.08.2020,"26,8","14,3","0,0"
2862,08.08.2020,"28,3","13,8","0,0"
2863,09.08.2020,"27,3","2,9","0,0"
2864,10.08.2020,"27,2","11,7","0,0"
2865,11.08.2020,"27,0","10,4","8,5"
2866,12.08.2020,"25,2","9,2","0,0"
2867,13.08.2020,"24,5","6,7","8,3"
2868,14.08.2020,"24,5","8,6","0,0"
2869,15.08.2020,"22,1","3,1","2,5"
2870,16.08.2020,"24,0","6,8","0,0"
2871,17.08.2020,"20,7","3,3","9,1"
2872,18.08.2020,"19,9","7,8","0,0"
2873,19.08.2020,"21,8","10,6","0,1"
2874,20.08.2020,"25,5","4,6","0,6"
2875,21.08.2020,"24,7","3,3","6,7"
2876,22.08.2020,"21,5","6,9","0,2"
2877,23.08.2020,"18,4","2,9","2,0"
2878,24.08.2020,"17,8","2,0","0,1"
2879,25.08.2020,"18,6","1,6","0,5"
2880,26.08.2020,"17,9","0,4","0,7"
2881,27.08.2020,"17,8","3,7","0,8"
2882,28.08.2020,"18,1","7,3","0,0"
2883,29.08.2020,"16,7","5,5","0,0"
2884,30.08.2020,"15,9","2,7","4,1"
2885,31.08.2020,"16,4","3,5","0,0"
2886,01.09.2020,"16,0","3,9","0,0"
2887,02.09.2020,"16,6","11,4","0,0"
2888,03.09.2020,"15,1","0,0","6,1"
2889,04.09.2020,"19,2","0,3","8,7"
2890,05.09.2020,"15,2","4,3","0,1"
2891,06.09.2020,"14,1","7,6","0,0"
2892,07.09.2020,"14,8","10,4","0,0"
2893,08.09.2020,"16,2","2,6","0,0"
2894,09.09.2020,"18,0","2,3","0,3"
2895,10.09.2020,"15,8","11,9","0,0"
2896,11.09.2020,"15,8","11,3","0,0"
2897,12.09.2020,"16,4","10,4","0,0"
2898,13.09.2020,"17,2","11,3","0,0"
2899,14.09.2020,"21,4","11,7","0,0"
2900,15.09.2020,"23,2","10,9","0,0"
2901,16.09.2020,"21,4","10,0","0,0"
2902,17.09.2020,"15,8","11,5","0,0"
2903,18.09.2020,"16,4","11,7","0,0"
2904,19.09.2020,"17,4","11,6","0,0"
2905,20.09.2020,"16,9","11,3","0,0"
2906,21.09.2020,"16,9","11,5","0,0"
2907,22.09.2020,"16,9","11,0","0,0"
2908,23.09.2020,"18,6","6,4","1,5"
2909,24.09.2020,"16,4","8,8","3,5"
2910,25.09.2020,"11,9","5,7","3,0"
2911,26.09.2020,"10,7","0,0","33,3"
2912,27.09.2020,"11,9","0,4","0,0"
2913,28.09.2020,"12,1","0,0","1,4"
2914,29.09.2020,"11,8","1,0","6,5"
2915,30.09.2020,"15,2","1,9","0,2"
2916,01.10.2020,"13,6","0,6","3,8"
2917,02.10.2020,"14,3","1,3","0,1"
2918,03.10.2020,"12,8","0,3","11,1"
2919,04.10.2020,"12,2","0,8","0,7"
2920,05.10.2020,"11,9","0,2","3,2"
2921,06.10.2020,"12,9","2,4","6,0"
2922,07.10.2020,"12,4","0,7","3,9"
2923,08.10.2020,"13,5","0,1","3,9"
2924,09.10.2020,"12,5","1,6","0,6"
2925,10.10.2020,"10,4","4,4","1,3"
2926,11.10.2020,"9,8","3,1","0,7"
2927,12.10.2020,"9,7","2,7","2,3"
2928,13.10.2020,"8,8","7,1","0,0"
2929,14.10.2020,"9,1","0,0","0,4"
2930,15.10.2020,"9,3","0,0","0,0"
2931,16.10.2020,"9,4","0,0","0,0"
2932,17.10.2020,"9,4","0,4","0,0"
2933,18.10.2020,"9,5","0,3","0,1"
2934,19.10.2020,"10,2","2,0","0,0"
2935,20.10.2020,"11,3","0,2","5,2"
2936,21.10.2020,"15,6","2,1","1,8"
2937,22.10.2020,"16,3","0,6","3,3"
2938,23.10.2020,"14,0","0,8","4,2"
2939,24.10.2020,"14,0","0,1","0,0"
2940,25.10.2020,"13,2","0,0","5,2"
2941,26.10.2020,"11,1","1,0","0,2"
2942,27.10.2020,"11,1","0,8","0,5"
2943,28.10.2020,"12,6","3,2","2,8"
2944,29.10.2020,"10,8","2,9","9,2"
2945,30.10.2020,"14,4","0,0","0,1"
2946,31.10.2020,"14,5","5,2","1,5"
2947,01.11.2020,"15,3","0,2","1,6"
2948,02.11.2020,"17,4","0,0","2,7"
2949,03.11.2020,"10,5","6,0","0,0"
2950,04.11.2020,"6,9","8,2","0,0"
2951,05.11.2020,"5,3","8,0","0,0"
2952,06.11.2020,"7,2","8,4","0,0"
2953,07.11.2020,"10,5","7,9","0,0"
2954,08.11.2020,"11,4","4,3","0,7"
2955,09.11.2020,"12,6","2,2","0,3"
2956,10.11.2020,"11,6","8,1","0,4"
2957,11.11.2020,"10,8","1,9","0,0"
2958,12.11.2020,"10,8","1,3","0,3"
2959,13.11.2020,"10,2","3,3","0,0"
2960,14.11.2020,"14,0","5,5","0,0"
2961,15.11.2020,"13,6","2,8","3,4"
2962,16.11.2020,"10,8","1,1","0,8"
2963,17.11.2020,"11,8","0,0","0,0"
2964,18.11.2020,"12,7","8,1","0,2"
2965,19.11.2020,"9,2","0,0","2,7"
2966,20.11.2020,"5,6","2,5","0,0"
2967,21.11.2020,"6,8","0,2","0,0"
2968,22.11.2020,"9,2","0,0","0,7"
2969,23.11.2020,"7,5","7,3","0,0"
2970,24.11.2020,"6,5","6,7","0,0"
2971,25.11.2020,"7,1","5,8","0,0"
2972,26.11.2020,"6,7","0,5","0,0"
2973,27.11.2020,"3,6","7,3","0,0"
2974,28.11.2020,"4,2","6,2","0,0"
2975,29.11.2020,"1,4","5,4","0,0"
2976,30.11.2020,"0,9","0,3","10,8"
2977,01.12.2020,"6,3","0,0","6,0"
2978,02.12.2020,"4,8","0,0","1,9"
2979,03.12.2020,"4,3","0,0","2,9"
2980,04.12.2020,"6,0","1,7","0,0"
2981,05.12.2020,"4,6","6,0","0,0"
2982,06.12.2020,"3,3","0,0","3,7"
2983,07.12.2020,"3,9","0,0","5,2"
2984,08.12.2020,"4,1","0,0","0,2"
2985,09.12.2020,"2,5","4,3","0,0"
2986,10.12.2020,"0,7","3,0","0,0"
2987,11.12.2020,"3,3","0,0","0,4"
2988,12.12.2020,"6,5","0,0","1,6"
2989,13.12.2020,"7,6","0,8","0,5"
2990,14.12.2020,"8,2","0,1","4,3"
2991,15.12.2020,"8,2","0,0","4,9"
2992,16.12.2020,"8,4","4,0","0,0"
2993,17.12.2020,"9,6","2,2","1,5"
2994,18.12.2020,"7,4","7,1","0,0"
2995,19.12.2020,"9,7","4,7","0,0"
2996,20.12.2020,"9,7","0,7","0,0"
2997,21.12.2020,"7,6","0,0","6,1"
2998,22.12.2020,"13,1","1,0","5,7"
2999,23.12.2020,"11,5","0,0","7,0"
3000,24.12.2020,"6,4","0,0","1,0"
3001,25.12.2020,"3,6","3,4","0,0"
3002,26.12.2020,"4,0","2,3","0,0"
3003,27.12.2020,"4,9","0,0","9,3"
3004,28.12.2020,"4,4","2,5","0,6"
3005,29.12.2020,"2,9","0,1","0,0"
3006,30.12.2020,"4,2","0,0","3,4"
3007,31.12.2020,3,0,"2,4"
