x;y;Latitude;Longitude;Street
31.05.1972;27,21;51.233.367;6.728.306;Pariser Straﬂe
29.06.1972;27,57;;;
25.07.1972;27,52;;;
23.08.1972;27,6;;;
26.09.1972;27,08;;;
25.10.1972;26,49;;;
21.11.1972;26,85;;;
20.12.1972;28,09;;;
23.01.1973;27,04;;;
27.02.1973;27,13;;;
27.03.1973;27,24;;;
25.04.1973;27,64;;;
23.05.1973;28,12;;;
26.06.1973;27,73;;;
26.07.1973;27,73;;;
28.08.1973;27,5;;;
26.09.1973;26,95;;;
30.10.1973;27,07;;;
13.11.1973;26,98;;;
26.12.1973;27,95;;;
29.01.1974;28,2;;;
28.02.1974;28,3;;;
26.03.1974;28,2;;;
17.04.1974;27,84;;;
28.05.1974;27,19;;;
25.06.1974;27,35;;;
23.07.1974;27,68;;;
30.08.1974;27,53;;;
25.09.1974;27,23;;;
09.10.1974;27,22;;;
12.11.1974;28,58;;;
10.12.1974;29,45;;;
21.01.1975;29,65;;;
18.02.1975;29,37;;;
12.03.1975;28,53;;;
16.04.1975;28,47;;;
03.06.1975;28,35;;;
17.07.1975;28,69;;;
12.08.1975;28,37;;;
03.09.1975;28,39;;;
01.10.1975;28,35;;;
04.11.1975;28,33;;;
02.12.1975;28,31;;;
07.01.1976;28,27;;;
04.02.1976;28,28;;;
10.03.1976;28,25;;;
15.12.1976;27,19;;;
18.01.1977;27,08;;;
30.03.1977;28,7;;;
26.05.1977;28,49;;;
11.08.1977;28,09;;;
04.10.1977;27,58;;;
20.12.1977;28,24;;;
07.02.1978;28,45;;;
13.04.1978;29,69;;;
07.06.1978;29,6;;;
11.08.1978;28,72;;;
11.10.1978;27,8;;;
15.12.1978;26,95;;;
14.02.1979;29,19;;;
16.03.1979;29,72;;;
18.05.1979;29,13;;;
18.07.1979;28,58;;;
14.09.1979;27,76;;;
16.11.1979;27,8;;;
11.01.1980;29,05;;;
12.02.1980;30,55;;;
15.04.1980;28,72;;;
28.05.1980;28,34;;;
18.07.1980;29,81;;;
29.07.1980;30,2;;;
10.09.1980;28,69;;;
07.10.1980;28,4;;;
02.12.1980;28,55;;;
19.12.1980;28,08;;;
07.01.1981;28,75;;;
08.01.1981;28,9;;;
16.01.1981;28,95;;;
20.01.1981;29,01;;;
22.01.1981;29,12;;;
28.01.1981;29,17;;;
04.02.1981;28,93;;;
05.02.1981;28,85;;;
12.02.1981;29,44;;;
18.02.1981;29,5;;;
27.02.1981;28,99;;;
08.04.1981;29,77;;;
14.04.1981;29,57;;;
12.06.1981;29,09;;;
14.07.1981;28,33;;;
04.08.1981;28,8;;;
02.09.1981;28,25;;;
07.10.1981;28,05;;;
19.11.1981;29,2;;;
08.12.1981;29,75;;;
05.02.1982;31,01;;;
06.04.1982;29,25;;;
08.06.1982;28,52;;;
31.08.1982;28,35;;;
22.10.1982;28,69;;;
22.12.1982;29,5;;;
14.01.1983;29,71;;;
17.03.1983;29,03;;;
05.05.1983;30,09;;;
30.06.1983;29,79;;;
22.09.1983;27,73;;;
08.12.1983;27,15;;;
23.02.1984;29,75;;;
03.05.1984;28,17;;;
05.07.1984;28,56;;;
23.08.1984;28,2;;;
29.10.1984;28,54;;;
20.12.1984;28,16;;;
27.02.1985;28,38;;;
01.04.1985;28,16;;;
03.06.1985;28,75;;;
05.08.1985;28,15;;;
03.02.1986;29,2;;;
07.04.1986;29,28;;;
30.03.1987;29,4;;;
03.08.1987;29,78;;;
30.12.1987;28,49;;;
28.01.1988;28,53;;;
03.03.1988;29,34;;;
21.03.1988;30,43;;;
31.03.1988;31,41;;;
29.07.1988;28,32;;;
05.12.1988;27,16;;;
06.02.1989;27,74;;;
03.04.1989;28,21;;;
05.06.1989;28,22;;;
07.08.1989;27,32;;;
02.10.1989;26,99;;;
04.12.1989;26,65;;;
05.02.1990;27,41;;;
02.04.1990;28,19;;;
04.06.1990;27,28;;;
06.08.1990;27,34;;;
01.10.1990;26,68;;;
03.12.1990;28,61;;;
02.01.1991;27,06;;;
04.02.1991;28,5;;;
01.04.1991;27,67;;;
03.06.1991;27,08;;;
05.08.1991;27,56;;;
07.10.1991;26,47;;;
02.12.1991;27,06;;;
03.02.1992;27,24;;;
06.04.1992;28,39;;;
01.06.1992;27,75;;;
03.08.1992;27,56;;;
05.10.1992;26,65;;;
07.12.1992;29,14;;;
01.02.1993;28,76;;;
05.04.1993;27,35;;;
07.06.1993;27,16;;;
02.08.1993;27,75;;;
01.10.1993;27,51;;;
10.12.1993;27,32;;;
27.12.1993;30,34;;;
31.12.1993;30,26;;;
20.01.1994;30,98;;;
04.02.1994;30,44;;;
15.04.1994;29,58;;;
10.06.1994;29,29;;;
05.08.1994;27,96;;;
04.10.1994;27,67;;;
02.11.1994;27,21;;;
05.12.1994;27,19;;;
31.01.1995;30,62;;;
03.02.1995;30,99;;;
20.03.1995;29,9;;;
13.07.1995;29,02;;;
24.10.1995;27,64;;;
20.11.1995;27,2;;;
12.06.1996;27,48;;;
11.10.1996;26,81;;;
07.02.1997;26,56;;;
14.04.1997;27,95;;;
04.06.1997;27,49;;;
07.08.1997;28,26;;;
10.10.1997;26,88;;;
06.02.1998;27,96;;;
01.04.1998;27,47;;;
16.06.1998;27,12;;;
05.10.1998;27,4;;;
15.04.1999;29,66;;;
05.10.1999;27,46;;;
10.12.1999;27,4;;;
04.04.2000;29,44;;;
24.10.2000;27,87;;;
03.04.2001;30,9;;;
10.10.2001;28,17;;;
02.04.2002;30,22;;;
14.10.2002;27,84;;;
10.04.2003;28,21;;;
08.10.2003;26,22;;;
17.11.2003;26,52;;;
02.04.2004;27,65;;;
07.09.2004;27,35;;;
05.04.2005;28,24;;;
11.10.2005;27,25;;;
03.04.2006;28,74;;;
12.06.2006;29,06;;;
03.10.2006;27,61;;;
01.04.2007;29,01;;;
02.10.2007;27,89;;;
07.04.2008;29,1;;;
06.10.2008;27,46;;;
07.04.2009;28,79;;;
05.10.2009;26,73;;;
13.04.2010;28,3;;;
04.10.2010;27,88;;;
25.10.2010;27,27;;;
26.10.2010;27,26;;;
27.10.2010;27,25;;;
28.10.2010;27,24;;;
29.10.2010;27,24;;;
30.10.2010;27,24;;;
31.10.2010;27,23;;;
01.11.2010;27,22;;;
02.11.2010;27,21;;;
03.11.2010;27,2;;;
04.11.2010;27,19;;;
05.11.2010;27,17;;;
06.11.2010;27,16;;;
07.11.2010;27,15;;;
08.11.2010;27,14;;;
09.11.2010;27,13;;;
10.11.2010;27,12;;;
11.11.2010;27,12;;;
12.11.2010;27,15;;;
13.11.2010;27,17;;;
14.11.2010;27,2;;;
15.11.2010;27,24;;;
16.11.2010;27,3;;;
17.11.2010;27,38;;;
18.11.2010;27,46;;;
19.11.2010;27,53;;;
20.11.2010;27,59;;;
21.11.2010;27,66;;;
22.11.2010;27,7;;;
23.11.2010;27,73;;;
24.11.2010;27,75;;;
25.11.2010;27,76;;;
26.11.2010;27,76;;;
27.11.2010;27,76;;;
28.11.2010;27,76;;;
29.11.2010;27,77;;;
30.11.2010;27,77;;;
01.12.2010;27,78;;;
02.12.2010;27,77;;;
03.12.2010;27,77;;;
04.12.2010;27,76;;;
05.12.2010;27,75;;;
06.12.2010;27,73;;;
07.12.2010;27,71;;;
08.12.2010;27,69;;;
09.12.2010;27,66;;;
10.12.2010;27,65;;;
11.12.2010;27,73;;;
12.12.2010;27,92;;;
13.12.2010;28,18;;;
14.12.2010;28,44;;;
15.12.2010;28,64;;;
16.12.2010;28,78;;;
17.12.2010;28,86;;;
18.12.2010;28,86;;;
19.12.2010;28,85;;;
20.12.2010;28,8;;;
21.12.2010;28,77;;;
22.12.2010;28,74;;;
23.12.2010;28,7;;;
24.12.2010;28,69;;;
25.12.2010;28,73;;;
26.12.2010;28,84;;;
27.12.2010;28,98;;;
28.12.2010;29,08;;;
29.12.2010;29,12;;;
30.12.2010;29,12;;;
31.12.2010;29,1;;;
01.01.2011;29,07;;;
02.01.2011;29,04;;;
03.01.2011;29;;;
04.01.2011;28,97;;;
05.01.2011;28,93;;;
06.01.2011;28,9;;;
07.01.2011;28,86;;;
08.01.2011;28,83;;;
09.01.2011;28,88;;;
10.01.2011;29,07;;;
11.01.2011;29,38;;;
12.01.2011;29,68;;;
13.01.2011;29,91;;;
14.01.2011;30,04;;;
15.01.2011;30,16;;;
16.01.2011;30,3;;;
17.01.2011;30,45;;;
18.01.2011;30,56;;;
19.01.2011;30,6;;;
20.01.2011;30,59;;;
21.01.2011;30,55;;;
22.01.2011;30,49;;;
23.01.2011;30,41;;;
24.01.2011;30,33;;;
25.01.2011;30,26;;;
26.01.2011;30,19;;;
27.01.2011;30,1;;;
28.01.2011;30,01;;;
29.01.2011;29,95;;;
30.01.2011;29,88;;;
31.01.2011;29,82;;;
01.02.2011;29,75;;;
02.02.2011;29,68;;;
03.02.2011;29,61;;;
04.02.2011;29,55;;;
05.02.2011;29,48;;;
06.02.2011;29,41;;;
07.02.2011;29,34;;;
08.02.2011;29,28;;;
09.02.2011;29,22;;;
10.02.2011;29,17;;;
11.02.2011;29,12;;;
12.02.2011;29,06;;;
13.02.2011;29,01;;;
14.02.2011;28,97;;;
15.02.2011;28,94;;;
16.02.2011;28,91;;;
17.02.2011;28,88;;;
18.02.2011;28,84;;;
19.02.2011;28,8;;;
20.02.2011;28,76;;;
21.02.2011;28,71;;;
22.02.2011;28,66;;;
23.02.2011;28,61;;;
24.02.2011;28,56;;;
25.02.2011;28,51;;;
26.02.2011;28,47;;;
27.02.2011;28,43;;;
28.02.2011;28,38;;;
01.03.2011;28,33;;;
02.03.2011;28,3;;;
03.03.2011;28,26;;;
04.03.2011;28,23;;;
05.03.2011;28,19;;;
06.03.2011;28,16;;;
07.03.2011;28,12;;;
08.03.2011;28,08;;;
09.03.2011;28,05;;;
10.03.2011;28,02;;;
11.03.2011;27,98;;;
12.03.2011;27,95;;;
13.03.2011;27,92;;;
14.03.2011;27,88;;;
15.03.2011;27,85;;;
16.03.2011;27,82;;;
17.03.2011;27,79;;;
18.03.2011;27,76;;;
19.03.2011;27,73;;;
20.03.2011;27,7;;;
21.03.2011;27,67;;;
22.03.2011;27,65;;;
23.03.2011;27,64;;;
24.03.2011;27,62;;;
25.03.2011;27,62;;;
26.03.2011;27,6;;;
27.03.2011;27,58;;;
28.03.2011;27,56;;;
29.03.2011;27,54;;;
30.03.2011;27,52;;;
31.03.2011;27,49;;;
01.04.2011;27,47;;;
02.04.2011;27,45;;;
03.04.2011;27,43;;;
04.04.2011;27,4;;;
05.04.2011;27,38;;;
06.04.2011;27,36;;;
07.04.2011;27,35;;;
08.04.2011;27,33;;;
09.04.2011;27,32;;;
10.04.2011;27,31;;;
11.04.2011;27,3;;;
12.04.2011;27,28;;;
13.04.2011;27,27;;;
14.04.2011;27,26;;;
15.04.2011;27,24;;;
16.04.2011;27,23;;;
17.04.2011;27,21;;;
18.04.2011;27,2;;;
19.04.2011;27,18;;;
20.04.2011;27,17;;;
21.04.2011;27,15;;;
22.04.2011;27,14;;;
23.04.2011;27,12;;;
24.04.2011;27,1;;;
25.04.2011;27,09;;;
26.04.2011;27,07;;;
27.04.2011;27,05;;;
28.04.2011;27,03;;;
29.04.2011;27,02;;;
30.04.2011;27;;;
01.05.2011;26,98;;;
02.05.2011;26,97;;;
03.05.2011;26,95;;;
04.05.2011;26,94;;;
05.05.2011;26,92;;;
06.05.2011;26,9;;;
07.05.2011;26,89;;;
08.05.2011;26,87;;;
09.05.2011;26,85;;;
10.05.2011;26,84;;;
11.05.2011;26,82;;;
12.05.2011;26,8;;;
13.05.2011;26,79;;;
14.05.2011;26,77;;;
15.05.2011;26,75;;;
16.05.2011;26,73;;;
17.05.2011;26,72;;;
18.05.2011;26,7;;;
19.05.2011;26,69;;;
20.05.2011;26,68;;;
21.05.2011;26,67;;;
22.05.2011;26,67;;;
23.05.2011;26,66;;;
24.05.2011;26,66;;;
25.05.2011;26,65;;;
26.05.2011;26,64;;;
27.05.2011;26,63;;;
28.05.2011;26,62;;;
29.05.2011;26,61;;;
30.05.2011;26,59;;;
31.05.2011;26,58;;;
01.06.2011;26,57;;;
02.06.2011;26,55;;;
03.06.2011;26,55;;;
04.06.2011;26,54;;;
05.06.2011;26,54;;;
06.06.2011;26,54;;;
07.06.2011;26,55;;;
08.06.2011;26,56;;;
09.06.2011;26,56;;;
10.06.2011;26,57;;;
11.06.2011;26,58;;;
12.06.2011;26,59;;;
13.06.2011;26,6;;;
14.06.2011;26,6;;;
15.06.2011;26,6;;;
16.06.2011;26,6;;;
17.06.2011;26,59;;;
18.06.2011;26,59;;;
19.06.2011;26,58;;;
20.06.2011;26,58;;;
21.06.2011;26,58;;;
22.06.2011;26,59;;;
23.06.2011;26,6;;;
24.06.2011;26,62;;;
25.06.2011;26,64;;;
26.06.2011;26,66;;;
27.06.2011;26,69;;;
28.06.2011;26,71;;;
29.06.2011;26,73;;;
30.06.2011;26,74;;;
29.07.2011;27,12;;;
30.07.2011;27,13;;;
31.07.2011;27,16;;;
01.08.2011;27,17;;;
02.08.2011;27,18;;;
03.08.2011;27,19;;;
04.08.2011;27,19;;;
05.08.2011;27,19;;;
06.08.2011;27,19;;;
07.08.2011;27,18;;;
08.08.2011;27,18;;;
09.08.2011;27,18;;;
10.08.2011;27,19;;;
11.08.2011;27,2;;;
12.08.2011;27,22;;;
13.08.2011;27,23;;;
14.08.2011;27,23;;;
15.08.2011;27,23;;;
16.08.2011;27,23;;;
17.08.2011;27,23;;;
18.08.2011;27,23;;;
19.08.2011;27,23;;;
20.08.2011;27,23;;;
21.08.2011;27,24;;;
22.08.2011;27,23;;;
23.08.2011;27,23;;;
24.08.2011;27,22;;;
25.08.2011;27,2;;;
26.08.2011;27,19;;;
27.08.2011;27,18;;;
28.08.2011;27,16;;;
29.08.2011;27,16;;;
30.08.2011;27,16;;;
31.08.2011;27,16;;;
01.09.2011;27,15;;;
02.09.2011;27,14;;;
03.09.2011;27,13;;;
04.09.2011;27,12;;;
05.09.2011;27,1;;;
06.09.2011;27,08;;;
07.09.2011;27,06;;;
08.09.2011;27,04;;;
09.09.2011;27,03;;;
10.09.2011;27,02;;;
11.09.2011;27,02;;;
12.09.2011;27,02;;;
13.09.2011;27,02;;;
14.09.2011;27,02;;;
15.09.2011;27,01;;;
16.09.2011;27,01;;;
17.09.2011;27;;;
18.09.2011;26,99;;;
19.09.2011;26,97;;;
20.09.2011;26,96;;;
21.09.2011;26,94;;;
22.09.2011;26,93;;;
23.09.2011;26,92;;;
24.09.2011;26,92;;;
25.09.2011;26,91;;;
26.09.2011;26,91;;;
27.09.2011;26,9;;;
28.09.2011;26,88;;;
29.09.2011;26,87;;;
30.09.2011;26,86;;;
01.10.2011;26,85;;;
02.10.2011;26,83;;;
03.10.2011;26,82;;;
04.10.2011;26,8;;;
05.10.2011;26,78;;;
06.10.2011;26,76;;;
07.10.2011;26,74;;;
08.10.2011;26,72;;;
09.10.2011;26,7;;;
10.10.2011;26,69;;;
11.10.2011;26,67;;;
12.10.2011;26,66;;;
13.10.2011;26,66;;;
14.10.2011;26,66;;;
15.10.2011;26,68;;;
16.10.2011;26,71;;;
17.10.2011;26,75;;;
18.10.2011;26,79;;;
19.10.2011;26,82;;;
20.10.2011;26,84;;;
21.10.2011;26,82;;;
22.10.2011;26,83;;;
23.10.2011;26,84;;;
24.10.2011;26,85;;;
25.10.2011;26,85;;;
26.10.2011;26,85;;;
27.10.2011;26,85;;;
28.10.2011;26,83;;;
29.10.2011;26,82;;;
30.10.2011;26,8;;;
31.10.2011;26,79;;;
01.11.2011;26,77;;;
02.11.2011;26,75;;;
03.11.2011;26,74;;;
04.11.2011;26,72;;;
05.11.2011;26,7;;;
06.11.2011;26,68;;;
07.11.2011;26,66;;;
08.11.2011;26,64;;;
09.11.2011;26,62;;;
10.11.2011;26,6;;;
11.11.2011;26,58;;;
12.11.2011;26,56;;;
13.11.2011;26,55;;;
14.11.2011;26,53;;;
15.11.2011;26,51;;;
16.11.2011;26,49;;;
17.11.2011;26,48;;;
18.11.2011;26,46;;;
19.11.2011;26,44;;;
20.11.2011;26,43;;;
21.11.2011;26,41;;;
22.11.2011;26,39;;;
23.11.2011;26,38;;;
24.11.2011;26,36;;;
25.11.2011;26,35;;;
26.11.2011;26,33;;;
27.11.2011;26,31;;;
28.11.2011;26,3;;;
29.11.2011;26,28;;;
30.11.2011;26,27;;;
01.12.2011;26,25;;;
02.12.2011;26,24;;;
03.12.2011;26,22;;;
04.12.2011;26,21;;;
05.12.2011;26,19;;;
06.12.2011;26,18;;;
07.12.2011;26,18;;;
08.12.2011;26,19;;;
09.12.2011;26,21;;;
10.12.2011;26,24;;;
11.12.2011;26,28;;;
12.12.2011;26,33;;;
13.12.2011;26,39;;;
14.12.2011;26,45;;;
15.12.2011;26,52;;;
16.12.2011;26,59;;;
17.12.2011;26,65;;;
18.12.2011;26,71;;;
19.12.2011;26,79;;;
20.12.2011;26,97;;;
21.12.2011;27,21;;;
22.12.2011;27,4;;;
23.12.2011;27,52;;;
24.12.2011;27,59;;;
25.12.2011;27,62;;;
26.12.2011;27,67;;;
27.12.2011;27,72;;;
28.12.2011;27,79;;;
29.12.2011;27,84;;;
30.12.2011;27,88;;;
31.12.2011;27,9;;;
01.01.2012;27,91;;;
02.01.2012;27,93;;;
03.01.2012;27,94;;;
04.01.2012;27,98;;;
05.01.2012;28,08;;;
06.01.2012;28,22;;;
07.01.2012;28,41;;;
08.01.2012;28,65;;;
09.01.2012;28,91;;;
10.01.2012;29,13;;;
11.01.2012;29,29;;;
12.01.2012;29,38;;;
13.01.2012;29,4;;;
14.01.2012;29,37;;;
15.01.2012;29,35;;;
16.01.2012;29,3;;;
17.01.2012;29,25;;;
18.01.2012;29,2;;;
19.01.2012;29,15;;;
20.01.2012;29,1;;;
21.01.2012;29,05;;;
22.01.2012;29,01;;;
23.01.2012;29,01;;;
24.01.2012;29,1;;;
25.01.2012;29,23;;;
26.01.2012;29,38;;;
27.01.2012;29,48;;;
28.01.2012;29,53;;;
29.01.2012;29,53;;;
30.01.2012;29,51;;;
31.01.2012;29,47;;;
01.02.2012;29,42;;;
02.02.2012;29,37;;;
03.02.2012;29,31;;;
04.02.2012;29,25;;;
05.02.2012;29,19;;;
06.02.2012;29,13;;;
07.02.2012;29,06;;;
08.02.2012;28,99;;;
09.02.2012;28,92;;;
10.02.2012;28,85;;;
11.02.2012;28,79;;;
12.02.2012;28,73;;;
13.02.2012;28,67;;;
14.02.2012;28,62;;;
15.02.2012;28,56;;;
16.02.2012;28,49;;;
17.02.2012;28,44;;;
18.02.2012;28,39;;;
19.02.2012;28,35;;;
20.02.2012;28,3;;;
21.02.2012;28,26;;;
22.02.2012;28,24;;;
23.02.2012;28,22;;;
24.02.2012;28,2;;;
25.02.2012;28,17;;;
26.02.2012;28,14;;;
27.02.2012;28,11;;;
28.02.2012;28,07;;;
29.02.2012;28,04;;;
01.03.2012;28,01;;;
02.03.2012;27,99;;;
03.03.2012;27,97;;;
04.03.2012;27,95;;;
05.03.2012;27,93;;;
06.03.2012;27,91;;;
07.03.2012;27,88;;;
08.03.2012;27,87;;;
09.03.2012;27,85;;;
10.03.2012;27,84;;;
11.03.2012;27,83;;;
12.03.2012;27,81;;;
13.03.2012;27,8;;;
14.03.2012;27,78;;;
15.03.2012;27,76;;;
16.03.2012;27,74;;;
17.03.2012;27,72;;;
18.03.2012;27,7;;;
19.03.2012;27,67;;;
20.03.2012;27,64;;;
21.03.2012;27,62;;;
22.03.2012;27,6;;;
23.03.2012;27,59;;;
24.03.2012;27,57;;;
25.03.2012;27,55;;;
26.03.2012;27,54;;;
27.03.2012;27,52;;;
28.03.2012;27,51;;;
29.03.2012;27,49;;;
30.03.2012;27,48;;;
31.03.2012;27,46;;;
01.04.2012;27,44;;;
02.04.2012;27,42;;;
03.04.2012;27,4;;;
04.04.2012;27,39;;;
05.04.2012;27,36;;;
06.04.2012;27,35;;;
07.04.2012;27,33;;;
08.04.2012;27,31;;;
09.04.2012;27,31;;;
10.04.2012;27,31;;;
11.04.2012;27,3;;;
12.04.2012;27,29;;;
13.04.2012;27,29;;;
14.04.2012;27,28;;;
15.04.2012;27,28;;;
16.04.2012;27,27;;;
17.04.2012;27,27;;;
18.04.2012;27,28;;;
19.04.2012;27,28;;;
20.04.2012;27,27;;;
21.04.2012;27,28;;;
22.04.2012;27,29;;;
23.04.2012;27,29;;;
24.04.2012;27,3;;;
25.04.2012;27,29;;;
26.04.2012;27,3;;;
27.04.2012;27,29;;;
28.04.2012;27,3;;;
29.04.2012;27,32;;;
30.04.2012;27,33;;;
01.05.2012;27,34;;;
02.05.2012;27,35;;;
03.05.2012;27,36;;;
04.05.2012;27,36;;;
05.05.2012;27,37;;;
06.05.2012;27,39;;;
07.05.2012;27,4;;;
08.05.2012;27,42;;;
09.05.2012;27,44;;;
10.05.2012;27,47;;;
11.05.2012;27,49;;;
12.05.2012;27,5;;;
13.05.2012;27,51;;;
14.05.2012;27,52;;;
15.05.2012;27,53;;;
16.05.2012;27,53;;;
17.05.2012;27,54;;;
18.05.2012;27,55;;;
19.05.2012;27,55;;;
20.05.2012;27,56;;;
21.05.2012;27,57;;;
22.05.2012;27,56;;;
23.05.2012;27,55;;;
24.05.2012;27,54;;;
25.05.2012;27,55;;;
26.05.2012;27,56;;;
27.05.2012;27,57;;;
28.05.2012;27,58;;;
29.05.2012;27,58;;;
30.05.2012;27,58;;;
31.05.2012;27,57;;;
01.06.2012;27,56;;;
02.06.2012;27,55;;;
03.06.2012;27,54;;;
04.06.2012;27,53;;;
05.06.2012;27,51;;;
06.06.2012;27,52;;;
07.06.2012;27,51;;;
08.06.2012;27,52;;;
09.06.2012;27,52;;;
10.06.2012;27,54;;;
11.06.2012;27,56;;;
12.06.2012;27,58;;;
19.06.2012;27,82;;;
20.06.2012;27,84;;;
21.06.2012;27,87;;;
22.06.2012;27,88;;;
23.06.2012;27,9;;;
24.06.2012;27,92;;;
25.06.2012;27,93;;;
26.06.2012;27,93;;;
27.06.2012;27,94;;;
28.06.2012;27,94;;;
29.06.2012;27,93;;;
30.06.2012;27,92;;;
01.07.2012;27,92;;;
02.07.2012;27,93;;;
03.07.2012;27,94;;;
04.07.2012;27,95;;;
05.07.2012;27,96;;;
06.07.2012;27,97;;;
07.07.2012;27,97;;;
08.07.2012;27,99;;;
09.07.2012;27,99;;;
10.07.2012;28;;;
11.07.2012;28;;;
12.07.2012;28,01;;;
13.07.2012;28,01;;;
14.07.2012;28;;;
15.07.2012;28;;;
16.07.2012;28,02;;;
17.07.2012;28,03;;;
18.07.2012;28,06;;;
19.07.2012;28,07;;;
20.07.2012;28,06;;;
21.07.2012;28,05;;;
22.07.2012;28,03;;;
23.07.2012;28,01;;;
24.07.2012;27,99;;;
25.07.2012;27,97;;;
26.07.2012;27,94;;;
27.07.2012;27,91;;;
28.07.2012;27,88;;;
29.07.2012;27,84;;;
30.07.2012;27,8;;;
31.07.2012;27,78;;;
01.08.2012;27,76;;;
02.08.2012;27,74;;;
03.08.2012;27,71;;;
04.08.2012;27,69;;;
05.08.2012;27,67;;;
06.08.2012;27,64;;;
07.08.2012;27,6;;;
08.08.2012;27,57;;;
09.08.2012;27,55;;;
10.08.2012;27,52;;;
11.08.2012;27,5;;;
12.08.2012;27,47;;;
13.08.2012;27,45;;;
14.08.2012;27,43;;;
15.08.2012;27,4;;;
16.08.2012;27,37;;;
17.08.2012;27,34;;;
18.08.2012;27,32;;;
19.08.2012;27,29;;;
20.08.2012;27,26;;;
21.08.2012;27,24;;;
22.08.2012;27,22;;;
23.08.2012;27,2;;;
24.08.2012;27,17;;;
25.08.2012;27,15;;;
26.08.2012;27,12;;;
27.08.2012;27,1;;;
28.08.2012;27,08;;;
29.08.2012;27,07;;;
30.08.2012;27,05;;;
31.08.2012;27,03;;;
01.09.2012;27;;;
02.09.2012;26,96;;;
03.09.2012;26,93;;;
04.09.2012;26,9;;;
05.09.2012;26,87;;;
06.09.2012;26,86;;;
07.09.2012;26,85;;;
08.09.2012;26,85;;;
09.09.2012;26,84;;;
10.09.2012;26,82;;;
11.09.2012;26,81;;;
12.09.2012;26,78;;;
13.09.2012;26,76;;;
14.09.2012;26,74;;;
15.09.2012;26,72;;;
16.09.2012;26,7;;;
17.09.2012;26,69;;;
18.09.2012;26,69;;;
19.09.2012;26,68;;;
20.09.2012;26,67;;;
21.09.2012;26,66;;;
22.09.2012;26,65;;;
23.09.2012;26,63;;;
24.09.2012;26,62;;;
25.09.2012;26,61;;;
26.09.2012;26,6;;;
27.09.2012;26,6;;;
28.09.2012;26,6;;;
29.09.2012;26,6;;;
30.09.2012;26,61;;;
01.10.2012;26,62;;;
02.10.2012;26,62;;;
03.10.2012;26,61;;;
04.10.2012;26,62;;;
05.10.2012;26,61;;;
06.10.2012;26,61;;;
07.10.2012;26,61;;;
08.10.2012;26,61;;;
09.10.2012;26,61;;;
10.10.2012;26,61;;;
11.10.2012;26,61;;;
12.10.2012;26,62;;;
13.10.2012;26,63;;;
14.10.2012;26,65;;;
15.10.2012;26,69;;;
16.10.2012;26,74;;;
17.10.2012;26,81;;;
18.10.2012;26,87;;;
19.10.2012;26,93;;;
20.10.2012;26,97;;;
21.10.2012;27,01;;;
22.10.2012;27,03;;;
23.10.2012;27,04;;;
24.10.2012;27,04;;;
25.10.2012;27,04;;;
26.10.2012;27,03;;;
27.10.2012;27,02;;;
28.10.2012;27;;;
29.10.2012;27;;;
30.10.2012;26,99;;;
31.10.2012;26,98;;;
01.11.2012;26,98;;;
02.11.2012;26,96;;;
03.11.2012;26,96;;;
04.11.2012;26,95;;;
05.11.2012;26,95;;;
06.11.2012;26,96;;;
07.11.2012;26,99;;;
08.11.2012;27,04;;;
09.11.2012;27,08;;;
10.11.2012;27,14;;;
11.11.2012;27,18;;;
12.11.2012;27,21;;;
13.11.2012;27,24;;;
14.11.2012;27,27;;;
15.11.2012;27,33;;;
16.11.2012;27,4;;;
17.11.2012;27,47;;;
18.11.2012;27,52;;;
19.11.2012;27,56;;;
20.11.2012;27,58;;;
21.11.2012;27,6;;;
22.11.2012;27,6;;;
23.11.2012;27,61;;;
24.11.2012;27,6;;;
25.11.2012;27,59;;;
26.11.2012;27,58;;;
27.11.2012;27,55;;;
28.11.2012;27,53;;;
29.11.2012;27,51;;;
30.11.2012;27,49;;;
01.12.2012;27,47;;;
02.12.2012;27,49;;;
03.12.2012;27,52;;;
04.12.2012;27,56;;;
05.12.2012;27,58;;;
06.12.2012;27,6;;;
07.12.2012;27,62;;;
08.12.2012;27,63;;;
09.12.2012;27,66;;;
10.12.2012;27,69;;;
11.12.2012;27,7;;;
12.12.2012;27,72;;;
13.12.2012;27,73;;;
14.12.2012;27,74;;;
15.12.2012;27,74;;;
16.12.2012;27,73;;;
17.12.2012;27,75;;;
18.12.2012;27,79;;;
19.12.2012;27,9;;;
20.12.2012;28,1;;;
21.12.2012;28,32;;;
22.12.2012;28,51;;;
23.12.2012;28,67;;;
24.12.2012;28,81;;;
25.12.2012;28,97;;;
26.12.2012;29,14;;;
27.12.2012;29,32;;;
28.12.2012;29,44;;;
29.12.2012;29,59;;;
30.12.2012;29,72;;;
31.12.2012;29,84;;;
01.01.2013;29,92;;;
02.01.2013;29,91;;;
03.01.2013;29,89;;;
04.01.2013;29,86;;;
05.01.2013;29,81;;;
06.01.2013;29,77;;;
07.01.2013;29,72;;;
08.01.2013;29,67;;;
09.01.2013;29,62;;;
10.01.2013;29,58;;;
11.01.2013;29,52;;;
12.01.2013;29,47;;;
13.01.2013;29,43;;;
14.01.2013;29,39;;;
15.01.2013;29,36;;;
16.01.2013;29,31;;;
17.01.2013;29,25;;;
18.01.2013;29,21;;;
19.01.2013;29,17;;;
20.01.2013;29,11;;;
21.01.2013;29,06;;;
22.01.2013;29;;;
23.01.2013;28,94;;;
24.01.2013;28,88;;;
25.01.2013;28,82;;;
26.01.2013;28,78;;;
27.01.2013;28,74;;;
28.01.2013;28,68;;;
29.01.2013;28,64;;;
30.01.2013;28,59;;;
31.01.2013;28,55;;;
01.02.2013;28,56;;;
02.02.2013;28,62;;;
03.02.2013;28,71;;;
04.02.2013;28,87;;;
05.02.2013;29,06;;;
06.02.2013;29,26;;;
07.02.2013;29,43;;;
08.02.2013;29,57;;;
09.02.2013;29,67;;;
10.02.2013;29,73;;;
11.02.2013;29,77;;;
12.02.2013;29,74;;;
13.02.2013;29,69;;;
14.02.2013;29,66;;;
15.02.2013;29,62;;;
16.02.2013;29,56;;;
17.02.2013;29,51;;;
18.02.2013;29,46;;;
19.02.2013;29,41;;;
20.02.2013;29,36;;;
21.02.2013;29,32;;;
22.02.2013;29,29;;;
23.02.2013;29,25;;;
24.02.2013;29,2;;;
25.02.2013;29,15;;;
26.02.2013;29,09;;;
27.02.2013;29,04;;;
28.02.2013;29;;;
01.03.2013;28,95;;;
02.03.2013;28,9;;;
03.03.2013;28,85;;;
04.03.2013;28,81;;;
05.03.2013;28,77;;;
06.03.2013;28,73;;;
07.03.2013;28,69;;;
08.03.2013;28,64;;;
09.03.2013;28,6;;;
10.03.2013;28,56;;;
11.03.2013;28,52;;;
12.03.2013;28,5;;;
13.03.2013;28,49;;;
14.03.2013;28,48;;;
15.03.2013;28,47;;;
16.03.2013;28,47;;;
17.03.2013;28,48;;;
18.03.2013;28,46;;;
19.03.2013;28,44;;;
20.03.2013;28,43;;;
21.03.2013;28,42;;;
22.03.2013;28,43;;;
23.03.2013;28,46;;;
24.03.2013;28,48;;;
25.03.2013;28,5;;;
26.03.2013;28,5;;;
27.03.2013;28,49;;;
28.03.2013;28,47;;;
29.03.2013;28,44;;;
30.03.2013;28,42;;;
31.03.2013;28,39;;;
01.04.2013;28,36;;;
02.04.2013;28,33;;;
03.04.2013;28,3;;;
04.04.2013;28,28;;;
05.04.2013;28,26;;;
06.04.2013;28,23;;;
07.04.2013;28,21;;;
08.04.2013;28,2;;;
09.04.2013;28,18;;;
10.04.2013;28,15;;;
11.04.2013;28,13;;;
12.04.2013;28,1;;;
13.04.2013;28,07;;;
14.04.2013;28,06;;;
15.04.2013;28,09;;;
16.04.2013;28,14;;;
17.04.2013;28,19;;;
18.04.2013;28,25;;;
19.04.2013;28,27;;;
20.04.2013;28,29;;;
21.04.2013;28,3;;;
22.04.2013;28,31;;;
23.04.2013;28,31;;;
24.04.2013;28,31;;;
25.04.2013;28,33;;;
26.04.2013;28,35;;;
27.04.2013;28,37;;;
28.04.2013;28,37;;;
29.04.2013;28,38;;;
30.04.2013;28,38;;;
01.05.2013;28,4;;;
02.05.2013;28,42;;;
03.05.2013;28,44;;;
04.05.2013;28,45;;;
05.05.2013;28,46;;;
06.05.2013;28,47;;;
07.05.2013;28,49;;;
08.05.2013;28,52;;;
09.05.2013;28,54;;;
11.05.2013;28,57;;;
12.05.2013;28,58;;;
13.05.2013;28,58;;;
14.05.2013;28,57;;;
15.05.2013;28,59;;;
16.05.2013;28,59;;;
17.05.2013;28,58;;;
18.05.2013;28,57;;;
19.05.2013;28,57;;;
20.05.2013;28,57;;;
21.05.2013;28,56;;;
22.05.2013;28,59;;;
23.05.2013;28,65;;;
24.05.2013;28,71;;;
25.05.2013;28,77;;;
26.05.2013;28,83;;;
27.05.2013;28,88;;;
28.05.2013;28,92;;;
29.05.2013;28,95;;;
30.05.2013;28,97;;;
31.05.2013;29;;;
01.06.2013;29,02;;;
02.06.2013;29,05;;;
03.06.2013;29,13;;;
04.06.2013;29,29;;;
05.06.2013;29,48;;;
06.06.2013;29,67;;;
07.06.2013;29,82;;;
08.06.2013;29,94;;;
09.06.2013;30;;;
10.06.2013;30,01;;;
11.06.2013;29,98;;;
12.06.2013;29,94;;;
13.06.2013;29,91;;;
14.06.2013;29,87;;;
15.06.2013;29,85;;;
16.06.2013;29,82;;;
17.06.2013;29,8;;;
18.06.2013;29,77;;;
19.06.2013;29,73;;;
20.06.2013;29,69;;;
21.06.2013;29,65;;;
22.06.2013;29,61;;;
23.06.2013;29,59;;;
24.06.2013;29,57;;;
25.06.2013;29,54;;;
26.06.2013;29,5;;;
27.06.2013;29,48;;;
28.06.2013;29,45;;;
29.06.2013;29,43;;;
30.06.2013;29,39;;;
01.07.2013;29,37;;;
02.07.2013;29,34;;;
03.07.2013;29,32;;;
04.07.2013;29,28;;;
05.07.2013;29,24;;;
06.07.2013;29,21;;;
07.07.2013;29,18;;;
08.07.2013;29,15;;;
09.07.2013;29,12;;;
10.07.2013;29,1;;;
11.07.2013;29,06;;;
12.07.2013;29,02;;;
13.07.2013;28,98;;;
14.07.2013;28,93;;;
15.07.2013;28,89;;;
16.07.2013;28,85;;;
17.07.2013;28,8;;;
18.07.2013;28,75;;;
19.07.2013;28,71;;;
20.07.2013;28,66;;;
21.07.2013;28,62;;;
22.07.2013;28,57;;;
23.07.2013;28,53;;;
24.07.2013;28,48;;;
25.07.2013;28,43;;;
26.07.2013;28,39;;;
27.07.2013;28,36;;;
28.07.2013;28,32;;;
29.07.2013;28,28;;;
30.07.2013;28,24;;;
31.07.2013;28,21;;;
01.08.2013;28,18;;;
02.08.2013;28,16;;;
03.08.2013;28,15;;;
04.08.2013;28,15;;;
05.08.2013;28,14;;;
06.08.2013;28,12;;;
07.08.2013;28,1;;;
08.08.2013;28,06;;;
09.08.2013;28,03;;;
10.08.2013;28;;;
11.08.2013;27,97;;;
12.08.2013;27,95;;;
13.08.2013;27,92;;;
14.08.2013;27,9;;;
15.08.2013;27,88;;;
16.08.2013;27,86;;;
17.08.2013;27,84;;;
18.08.2013;27,81;;;
19.08.2013;27,78;;;
20.08.2013;27,75;;;
21.08.2013;27,71;;;
22.08.2013;27,69;;;
23.08.2013;27,65;;;
24.08.2013;27,63;;;
25.08.2013;27,59;;;
26.08.2013;27,56;;;
27.08.2013;27,53;;;
28.08.2013;27,5;;;
29.08.2013;27,48;;;
30.08.2013;27,47;;;
31.08.2013;27,46;;;
01.09.2013;27,43;;;
02.09.2013;27,41;;;
03.09.2013;27,39;;;
04.09.2013;27,37;;;
05.09.2013;27,35;;;
06.09.2013;27,33;;;
07.09.2013;27,3;;;
08.09.2013;27,28;;;
09.09.2013;27,25;;;
10.09.2013;27,23;;;
11.09.2013;27,21;;;
12.09.2013;27,2;;;
13.09.2013;27,2;;;
14.09.2013;27,2;;;
15.09.2013;27,2;;;
16.09.2013;27,21;;;
17.09.2013;27,22;;;
18.09.2013;27,24;;;
19.09.2013;27,25;;;
20.09.2013;27,26;;;
21.09.2013;27,28;;;
22.09.2013;27,31;;;
23.09.2013;27,36;;;
24.09.2013;27,41;;;
25.09.2013;27,46;;;
26.09.2013;27,49;;;
27.09.2013;27,5;;;
28.09.2013;27,51;;;
29.09.2013;27,51;;;
30.09.2013;27,5;;;
01.10.2013;27,49;;;
02.10.2013;27,47;;;
03.10.2013;27,45;;;
04.10.2013;27,43;;;
05.10.2013;27,41;;;
06.10.2013;27,38;;;
07.10.2013;27,36;;;
08.10.2013;27,35;;;
09.10.2013;27,35;;;
10.10.2013;27,37;;;
11.10.2013;27,37;;;
12.10.2013;27,36;;;
13.10.2013;27,37;;;
14.10.2013;27,37;;;
15.10.2013;27,39;;;
16.10.2013;27,4;;;
17.10.2013;27,42;;;
18.10.2013;27,43;;;
19.10.2013;27,46;;;
20.10.2013;27,51;;;
21.10.2013;27,56;;;
22.10.2013;27,61;;;
23.10.2013;27,64;;;
24.10.2013;27,66;;;
25.10.2013;27,69;;;
26.10.2013;27,72;;;
27.10.2013;27,75;;;
28.10.2013;27,78;;;
29.10.2013;27,79;;;
30.10.2013;27,81;;;
31.10.2013;27,84;;;
01.11.2013;27,88;;;
02.11.2013;27,91;;;
03.11.2013;27,93;;;
04.11.2013;27,94;;;
05.11.2013;27,95;;;
06.11.2013;27,98;;;
07.11.2013;28,01;;;
08.11.2013;28,06;;;
09.11.2013;28,13;;;
10.11.2013;28,22;;;
11.11.2013;28,35;;;
12.11.2013;28,51;;;
13.11.2013;28,65;;;
14.11.2013;28,78;;;
15.11.2013;28,87;;;
16.11.2013;28,91;;;
17.11.2013;28,93;;;
18.11.2013;28,93;;;
19.11.2013;28,91;;;
20.11.2013;28,88;;;
21.11.2013;28,85;;;
22.11.2013;28,8;;;
23.11.2013;28,76;;;
24.11.2013;28,74;;;
25.11.2013;28,72;;;
26.11.2013;28,71;;;
27.11.2013;28,7;;;
28.11.2013;28,68;;;
29.11.2013;28,66;;;
30.11.2013;28,65;;;
01.12.2013;28,6;;;
02.12.2013;28,57;;;
03.12.2013;28,53;;;
04.12.2013;28,5;;;
05.12.2013;28,46;;;
06.12.2013;28,43;;;
07.12.2013;28,39;;;
08.12.2013;28,35;;;
09.12.2013;28,31;;;
10.12.2013;28,28;;;
11.12.2013;28,24;;;
12.12.2013;28,22;;;
13.12.2013;28,19;;;
14.12.2013;28,16;;;
15.12.2013;28,13;;;
16.12.2013;28,09;;;
17.12.2013;28,06;;;
18.12.2013;28,03;;;
19.12.2013;28,01;;;
20.12.2013;27,97;;;
21.12.2013;27,93;;;
22.12.2013;27,91;;;
23.12.2013;27,88;;;
24.12.2013;27,87;;;
25.12.2013;27,85;;;
26.12.2013;27,83;;;
27.12.2013;27,83;;;
28.12.2013;27,84;;;
29.12.2013;27,86;;;
30.12.2013;27,9;;;
31.12.2013;27,96;;;
01.01.2014;28;;;
02.01.2014;28,07;;;
03.01.2014;28,11;;;
04.01.2014;28,14;;;
05.01.2014;28,17;;;
06.01.2014;28,18;;;
07.01.2014;28,19;;;
08.01.2014;28,21;;;
09.01.2014;28,23;;;
10.01.2014;28,25;;;
11.01.2014;28,27;;;
12.01.2014;28,29;;;
13.01.2014;28,3;;;
14.01.2014;28,31;;;
15.01.2014;28,31;;;
16.01.2014;28,31;;;
17.01.2014;28,3;;;
18.01.2014;28,28;;;
19.01.2014;28,28;;;
20.01.2014;28,27;;;
21.01.2014;28,25;;;
22.01.2014;28,24;;;
23.01.2014;28,23;;;
24.01.2014;28,22;;;
25.01.2014;28,21;;;
26.01.2014;28,2;;;
27.01.2014;28,2;;;
28.01.2014;28,18;;;
29.01.2014;28,18;;;
30.01.2014;28,18;;;
31.01.2014;28,2;;;
01.02.2014;28,22;;;
02.02.2014;28,21;;;
03.02.2014;28,19;;;
04.02.2014;28,18;;;
05.02.2014;28,17;;;
06.02.2014;28,16;;;
07.02.2014;28,15;;;
08.02.2014;28,13;;;
09.02.2014;28,12;;;
10.02.2014;28,1;;;
11.02.2014;28,09;;;
12.02.2014;28,08;;;
13.02.2014;28,09;;;
14.02.2014;28,08;;;
15.02.2014;28,1;;;
16.02.2014;28,1;;;
17.02.2014;28,13;;;
18.02.2014;28,17;;;
19.02.2014;28,21;;;
20.02.2014;28,25;;;
21.02.2014;28,3;;;
22.02.2014;28,32;;;
23.02.2014;28,33;;;
24.02.2014;28,34;;;
25.02.2014;28,34;;;
26.02.2014;28,33;;;
27.02.2014;28,3;;;
28.02.2014;28,3;;;
01.03.2014;28,28;;;
02.03.2014;28,26;;;
03.03.2014;28,24;;;
04.03.2014;28,22;;;
05.03.2014;28,2;;;
06.03.2014;28,18;;;
07.03.2014;28,16;;;
08.03.2014;28,14;;;
09.03.2014;28,12;;;
10.03.2014;28,09;;;
11.03.2014;28,06;;;
12.03.2014;28,03;;;
13.03.2014;28;;;
14.03.2014;27,97;;;
15.03.2014;27,94;;;
16.03.2014;27,9;;;
17.03.2014;27,87;;;
18.03.2014;27,84;;;
19.03.2014;27,81;;;
20.03.2014;27,77;;;
21.03.2014;27,75;;;
22.03.2014;27,71;;;
23.03.2014;27,68;;;
24.03.2014;27,65;;;
25.03.2014;27,62;;;
26.03.2014;27,6;;;
27.03.2014;27,58;;;
28.03.2014;27,56;;;
29.03.2014;27,54;;;
30.03.2014;27,53;;;
31.03.2014;27,51;;;
01.04.2014;27,49;;;
02.04.2014;27,47;;;
03.04.2014;27,45;;;
04.04.2014;27,43;;;
05.04.2014;27,41;;;
06.04.2014;27,38;;;
07.04.2014;27,36;;;
08.04.2014;27,33;;;
09.04.2014;27,31;;;
10.04.2014;27,28;;;
11.04.2014;27,26;;;
12.04.2014;27,24;;;
13.04.2014;27,22;;;
14.04.2014;27,2;;;
15.04.2014;27,18;;;
16.04.2014;27,16;;;
17.04.2014;27,14;;;
18.04.2014;27,13;;;
19.04.2014;27,11;;;
20.04.2014;27,09;;;
21.04.2014;27,07;;;
22.04.2014;27,05;;;
23.04.2014;27,03;;;
24.04.2014;27,01;;;
25.04.2014;27;;;
26.04.2014;26,98;;;
27.04.2014;26,97;;;
28.04.2014;26,95;;;
29.04.2014;26,93;;;
30.04.2014;26,92;;;
01.05.2014;26,92;;;
02.05.2014;26,92;;;
03.05.2014;26,92;;;
04.05.2014;26,93;;;
05.05.2014;26,95;;;
06.05.2014;26,97;;;
07.05.2014;26,99;;;
08.05.2014;27,01;;;
09.05.2014;27,03;;;
10.05.2014;27,05;;;
11.05.2014;27,07;;;
12.05.2014;27,08;;;
13.05.2014;27,1;;;
14.05.2014;27,11;;;
15.05.2014;27,12;;;
16.05.2014;27,14;;;
17.05.2014;27,15;;;
18.05.2014;27,16;;;
19.05.2014;27,17;;;
20.05.2014;27,19;;;
21.05.2014;27,2;;;
22.05.2014;27,2;;;
23.05.2014;27,2;;;
24.05.2014;27,19;;;
25.05.2014;27,18;;;
26.05.2014;27,17;;;
27.05.2014;27,17;;;
28.05.2014;27,18;;;
29.05.2014;27,19;;;
30.05.2014;27,2;;;
31.05.2014;27,21;;;
01.06.2014;27,22;;;
02.06.2014;27,23;;;
03.06.2014;27,24;;;
04.06.2014;27,24;;;
05.06.2014;27,24;;;
06.06.2014;27,22;;;
07.06.2014;27,21;;;
08.06.2014;27,2;;;
09.06.2014;27,19;;;
10.06.2014;27,18;;;
11.06.2014;27,16;;;
12.06.2014;27,14;;;
13.06.2014;27,13;;;
14.06.2014;27,11;;;
15.06.2014;27,1;;;
16.06.2014;27,08;;;
17.06.2014;27,07;;;
18.06.2014;27,05;;;
19.06.2014;27,04;;;
20.06.2014;27,03;;;
21.06.2014;27,01;;;
22.06.2014;27;;;
23.06.2014;26,99;;;
24.06.2014;26,97;;;
25.06.2014;26,95;;;
26.06.2014;26,93;;;
27.06.2014;26,92;;;
28.06.2014;26,9;;;
29.06.2014;26,88;;;
30.06.2014;26,87;;;
01.07.2014;26,86;;;
02.07.2014;26,85;;;
03.07.2014;26,85;;;
04.07.2014;26,85;;;
05.07.2014;26,85;;;
06.07.2014;26,85;;;
07.07.2014;26,85;;;
08.07.2014;26,85;;;
09.07.2014;26,85;;;
10.07.2014;26,87;;;
11.07.2014;26,89;;;
12.07.2014;26,92;;;
13.07.2014;26,97;;;
14.07.2014;27,03;;;
15.07.2014;27,09;;;
16.07.2014;27,15;;;
17.07.2014;27,21;;;
18.07.2014;27,27;;;
19.07.2014;27,33;;;
20.07.2014;27,38;;;
21.07.2014;27,41;;;
22.07.2014;27,44;;;
23.07.2014;27,46;;;
24.07.2014;27,48;;;
25.07.2014;27,5;;;
26.07.2014;27,53;;;
27.07.2014;27,57;;;
28.07.2014;27,62;;;
29.07.2014;27,67;;;
30.07.2014;27,71;;;
31.07.2014;27,74;;;
01.08.2014;27,79;;;
02.08.2014;27,84;;;
03.08.2014;27,9;;;
04.08.2014;27,95;;;
05.08.2014;28;;;
06.08.2014;28,04;;;
07.08.2014;28,08;;;
08.08.2014;28,11;;;
09.08.2014;28,13;;;
10.08.2014;28,14;;;
11.08.2014;28,15;;;
12.08.2014;28,15;;;
13.08.2014;28,16;;;
14.08.2014;28,17;;;
15.08.2014;28,17;;;
16.08.2014;28,18;;;
17.08.2014;28,2;;;
18.08.2014;28,22;;;
19.08.2014;28,23;;;
20.08.2014;28,23;;;
21.08.2014;28,23;;;
22.08.2014;28,23;;;
23.08.2014;28,22;;;
24.08.2014;28,2;;;
25.08.2014;28,17;;;
26.08.2014;28,15;;;
27.08.2014;28,12;;;
28.08.2014;28,09;;;
29.08.2014;28,08;;;
30.08.2014;28,09;;;
31.08.2014;28,11;;;
01.09.2014;28,12;;;
02.09.2014;28,11;;;
03.09.2014;28,1;;;
04.09.2014;28,11;;;
05.09.2014;28,12;;;
06.09.2014;28,13;;;
07.09.2014;28,12;;;
08.09.2014;28,1;;;
09.09.2014;28,08;;;
10.09.2014;28,07;;;
11.09.2014;28,05;;;
12.09.2014;28,02;;;
13.09.2014;28;;;
14.09.2014;27,97;;;
15.09.2014;27,94;;;
16.09.2014;27,92;;;
17.09.2014;27,9;;;
18.09.2014;27,89;;;
19.09.2014;27,87;;;
20.09.2014;27,85;;;
21.09.2014;27,82;;;
22.09.2014;27,79;;;
23.09.2014;27,76;;;
24.09.2014;27,74;;;
25.09.2014;27,73;;;
26.09.2014;27,72;;;
27.09.2014;27,72;;;
28.09.2014;27,71;;;
29.09.2014;27,7;;;
30.09.2014;27,68;;;
01.10.2014;27,66;;;
02.10.2014;27,64;;;
03.10.2014;27,61;;;
04.10.2014;27,59;;;
05.10.2014;27,56;;;
06.10.2014;27,54;;;
07.10.2014;27,51;;;
08.10.2014;27,48;;;
09.10.2014;27,45;;;
10.10.2014;27,43;;;
11.10.2014;27,41;;;
12.10.2014;27,41;;;
13.10.2014;27,42;;;
14.10.2014;27,42;;;
15.10.2014;27,41;;;
16.10.2014;27,41;;;
17.10.2014;27,4;;;
18.10.2014;27,38;;;
19.10.2014;27,37;;;
20.10.2014;27,37;;;
21.10.2014;27,39;;;
22.10.2014;27,41;;;
23.10.2014;27,42;;;
24.10.2014;27,43;;;
25.10.2014;27,43;;;
26.10.2014;27,44;;;
27.10.2014;27,45;;;
28.10.2014;27,48;;;
29.10.2014;27,49;;;
30.10.2014;27,49;;;
31.10.2014;27,49;;;
01.11.2014;27,48;;;
02.11.2014;27,47;;;
03.11.2014;27,46;;;
04.11.2014;27,45;;;
05.11.2014;27,43;;;
06.11.2014;27,42;;;
07.11.2014;27,43;;;
08.11.2014;27,46;;;
09.11.2014;27,49;;;
10.11.2014;27,53;;;
11.11.2014;27,55;;;
12.11.2014;27,57;;;
13.11.2014;27,58;;;
14.11.2014;27,57;;;
15.11.2014;27,57;;;
16.11.2014;27,55;;;
17.11.2014;27,54;;;
18.11.2014;27,54;;;
19.11.2014;27,55;;;
20.11.2014;27,57;;;
21.11.2014;27,6;;;
22.11.2014;27,64;;;
23.11.2014;27,68;;;
24.11.2014;27,71;;;
25.11.2014;27,73;;;
26.11.2014;27,74;;;
27.11.2014;27,74;;;
28.11.2014;27,74;;;
29.11.2014;27,72;;;
30.11.2014;27,7;;;
01.12.2014;27,69;;;
02.12.2014;27,67;;;
03.12.2014;27,64;;;
04.12.2014;27,62;;;
05.12.2014;27,6;;;
06.12.2014;27,57;;;
07.12.2014;27,55;;;
08.12.2014;27,52;;;
09.12.2014;27,5;;;
10.12.2014;27,47;;;
11.12.2014;27,46;;;
12.12.2014;27,44;;;
13.12.2014;27,42;;;
14.12.2014;27,39;;;
15.12.2014;27,39;;;
16.12.2014;27,41;;;
17.12.2014;27,44;;;
18.12.2014;27,48;;;
19.12.2014;27,5;;;
20.12.2014;27,53;;;
21.12.2014;27,54;;;
22.12.2014;27,58;;;
23.12.2014;27,63;;;
24.12.2014;27,69;;;
25.12.2014;27,74;;;
26.12.2014;27,78;;;
27.12.2014;27,82;;;
28.12.2014;27,83;;;
29.12.2014;27,83;;;
30.12.2014;27,83;;;
31.12.2014;27,83;;;
01.01.2015;27,83;;;
02.01.2015;27,84;;;
03.01.2015;27,82;;;
04.01.2015;27,82;;;
05.01.2015;27,8;;;
06.01.2015;27,83;;;
07.01.2015;27,87;;;
08.01.2015;27,94;;;
09.01.2015;28,04;;;
10.01.2015;28,14;;;
11.01.2015;28,21;;;
12.01.2015;28,27;;;
13.01.2015;28,36;;;
14.01.2015;28,46;;;
15.01.2015;28,57;;;
16.01.2015;28,67;;;
17.01.2015;28,73;;;
18.01.2015;28,77;;;
19.01.2015;28,8;;;
20.01.2015;28,83;;;
21.01.2015;28,87;;;
22.01.2015;28,89;;;
23.01.2015;28,89;;;
24.01.2015;28,89;;;
25.01.2015;28,88;;;
26.01.2015;28,86;;;
27.01.2015;28,84;;;
28.01.2015;28,82;;;
29.01.2015;28,81;;;
30.01.2015;28,81;;;
31.01.2015;28,79;;;
01.02.2015;28,79;;;
02.02.2015;28,8;;;
03.02.2015;28,83;;;
04.02.2015;28,85;;;
05.02.2015;28,85;;;
06.02.2015;28,84;;;
07.02.2015;28,82;;;
08.02.2015;28,8;;;
09.02.2015;28,77;;;
10.02.2015;28,74;;;
11.02.2015;28,7;;;
12.02.2015;28,67;;;
13.02.2015;28,63;;;
14.02.2015;28,6;;;
15.02.2015;28,56;;;
16.02.2015;28,52;;;
17.02.2015;28,48;;;
18.02.2015;28,43;;;
19.02.2015;28,41;;;
20.02.2015;28,39;;;
21.02.2015;28,37;;;
22.02.2015;28,33;;;
23.02.2015;28,3;;;
24.02.2015;28,27;;;
25.02.2015;28,23;;;
26.02.2015;28,21;;;
27.02.2015;28,21;;;
28.02.2015;28,2;;;
01.03.2015;28,23;;;
02.03.2015;28,24;;;
03.03.2015;28,24;;;
04.03.2015;28,26;;;
05.03.2015;28,27;;;
06.03.2015;28,31;;;
07.03.2015;28,35;;;
08.03.2015;28,41;;;
09.03.2015;28,44;;;
10.03.2015;28,46;;;
11.03.2015;28,46;;;
12.03.2015;28,46;;;
13.03.2015;28,45;;;
14.03.2015;28,42;;;
15.03.2015;28,4;;;
16.03.2015;28,38;;;
17.03.2015;28,36;;;
18.03.2015;28,34;;;
19.03.2015;28,31;;;
20.03.2015;28,28;;;
21.03.2015;28,26;;;
22.03.2015;28,23;;;
23.03.2015;28,2;;;
24.03.2015;28,17;;;
25.03.2015;28,15;;;
26.03.2015;28,12;;;
27.03.2015;28,09;;;
28.03.2015;28,06;;;
29.03.2015;28,04;;;
30.03.2015;28,02;;;
31.03.2015;28;;;
01.04.2015;27,98;;;
02.04.2015;27,98;;;
03.04.2015;28;;;
04.04.2015;28,06;;;
05.04.2015;28,12;;;
06.04.2015;28,2;;;
07.04.2015;28,27;;;
08.04.2015;28,34;;;
09.04.2015;28,4;;;
10.04.2015;28,45;;;
11.04.2015;28,48;;;
12.04.2015;28,47;;;
13.04.2015;28,47;;;
14.04.2015;28,45;;;
15.04.2015;28,44;;;
16.04.2015;28,42;;;
17.04.2015;28,39;;;
18.04.2015;28,35;;;
19.04.2015;28,32;;;
20.04.2015;28,29;;;
21.04.2015;28,26;;;
22.04.2015;28,24;;;
23.04.2015;28,22;;;
24.04.2015;28,2;;;
25.04.2015;28,19;;;
26.04.2015;28,16;;;
27.04.2015;28,14;;;
28.04.2015;28,11;;;
29.04.2015;28,08;;;
30.04.2015;28,06;;;
01.05.2015;28,05;;;
02.05.2015;28,03;;;
03.05.2015;28,04;;;
04.05.2015;28,04;;;
05.05.2015;28,06;;;
06.05.2015;28,08;;;
07.05.2015;28,13;;;
08.05.2015;28,21;;;
09.05.2015;28,3;;;
10.05.2015;28,37;;;
11.05.2015;28,43;;;
12.05.2015;28,49;;;
13.05.2015;28,52;;;
14.05.2015;28,55;;;
15.05.2015;28,57;;;
16.05.2015;28,56;;;
17.05.2015;28,56;;;
18.05.2015;28,56;;;
19.05.2015;28,57;;;
20.05.2015;28,56;;;
21.05.2015;28,55;;;
22.05.2015;28,55;;;
23.05.2015;28,55;;;
24.05.2015;28,54;;;
25.05.2015;28,54;;;
26.05.2015;28,52;;;
27.05.2015;28,51;;;
28.05.2015;28,5;;;
29.05.2015;28,48;;;
30.05.2015;28,47;;;
31.05.2015;28,44;;;
01.06.2015;28,43;;;
02.06.2015;28,41;;;
03.06.2015;28,38;;;
04.06.2015;28,35;;;
05.06.2015;28,32;;;
06.06.2015;28,29;;;
07.06.2015;28,26;;;
08.06.2015;28,22;;;
09.06.2015;28,19;;;
10.06.2015;28,16;;;
11.06.2015;28,13;;;
12.06.2015;28,11;;;
13.06.2015;28,1;;;
14.06.2015;28,09;;;
15.06.2015;28,07;;;
16.06.2015;28,05;;;
17.06.2015;28,03;;;
18.06.2015;28,02;;;
19.06.2015;28;;;
20.06.2015;28;;;
21.06.2015;28;;;
22.06.2015;28,01;;;
23.06.2015;28,01;;;
24.06.2015;27,99;;;
25.06.2015;28;;;
26.06.2015;28;;;
27.06.2015;28,01;;;
28.06.2015;28,01;;;
29.06.2015;28,02;;;
30.06.2015;28,01;;;
01.07.2015;28;;;
02.07.2015;27,99;;;
03.07.2015;27,97;;;
04.07.2015;27,95;;;
05.07.2015;27,92;;;
06.07.2015;27,89;;;
07.07.2015;27,87;;;
08.07.2015;27,84;;;
09.07.2015;27,81;;;
10.07.2015;27,78;;;
11.07.2015;27,75;;;
12.07.2015;27,72;;;
13.07.2015;27,7;;;
14.07.2015;27,67;;;
15.07.2015;27,64;;;
16.07.2015;27,62;;;
17.07.2015;27,59;;;
18.07.2015;27,56;;;
19.07.2015;27,53;;;
20.07.2015;27,5;;;
21.07.2015;27,48;;;
22.07.2015;27,45;;;
23.07.2015;27,42;;;
24.07.2015;27,4;;;
25.07.2015;27,37;;;
26.07.2015;27,34;;;
27.07.2015;27,32;;;
28.07.2015;27,29;;;
29.07.2015;27,27;;;
30.07.2015;27,25;;;
31.07.2015;27,23;;;
01.08.2015;27,2;;;
02.08.2015;27,18;;;
03.08.2015;27,16;;;
04.08.2015;27,14;;;
05.08.2015;27,11;;;
06.08.2015;27,09;;;
07.08.2015;27,06;;;
08.08.2015;27,04;;;
09.08.2015;27,02;;;
10.08.2015;27;;;
11.08.2015;26,97;;;
12.08.2015;26,95;;;
13.08.2015;26,93;;;
14.08.2015;26,91;;;
15.08.2015;26,89;;;
16.08.2015;26,87;;;
17.08.2015;26,86;;;
18.08.2015;26,84;;;
19.08.2015;26,84;;;
20.08.2015;26,82;;;
21.08.2015;26,82;;;
22.08.2015;26,81;;;
23.08.2015;26,8;;;
24.08.2015;26,79;;;
25.08.2015;26,78;;;
26.08.2015;26,78;;;
27.08.2015;26,77;;;
28.08.2015;26,76;;;
29.08.2015;26,76;;;
30.08.2015;26,76;;;
31.08.2015;26,75;;;
01.09.2015;26,74;;;
02.09.2015;26,73;;;
03.09.2015;26,72;;;
04.09.2015;26,71;;;
05.09.2015;26,71;;;
06.09.2015;26,7;;;
07.09.2015;26,69;;;
08.09.2015;26,67;;;
09.09.2015;26,66;;;
10.09.2015;26,65;;;
11.09.2015;26,63;;;
12.09.2015;26,62;;;
13.09.2015;26,61;;;
14.09.2015;26,59;;;
15.09.2015;26,58;;;
16.09.2015;26,57;;;
17.09.2015;26,55;;;
18.09.2015;26,54;;;
19.09.2015;26,54;;;
20.09.2015;26,54;;;
21.09.2015;26,55;;;
22.09.2015;26,56;;;
23.09.2015;26,57;;;
24.09.2015;26,57;;;
25.09.2015;26,57;;;
26.09.2015;26,57;;;
27.09.2015;26,57;;;
28.09.2015;26,57;;;
29.09.2015;26,57;;;
30.09.2015;26,57;;;
01.10.2015;26,56;;;
02.10.2015;26,55;;;
03.10.2015;26,54;;;
04.10.2015;26,53;;;
05.10.2015;26,52;;;
06.10.2015;26,51;;;
07.10.2015;26,49;;;
08.10.2015;26,48;;;
09.10.2015;26,47;;;
10.10.2015;26,46;;;
11.10.2015;26,45;;;
12.10.2015;26,45;;;
13.10.2015;26,44;;;
14.10.2015;26,43;;;
15.10.2015;26,43;;;
16.10.2015;26,42;;;
17.10.2015;26,41;;;
18.10.2015;26,4;;;
19.10.2015;26,4;;;
20.10.2015;26,4;;;
21.10.2015;26,39;;;
22.10.2015;26,39;;;
23.10.2015;26,38;;;
24.10.2015;26,37;;;
25.10.2015;26,37;;;
26.10.2015;26,36;;;
27.10.2015;26,36;;;
28.10.2015;26,35;;;
29.10.2015;26,34;;;
30.10.2015;26,33;;;
31.10.2015;26,32;;;
01.11.2015;26,31;;;
02.11.2015;26,3;;;
03.11.2015;26,29;;;
04.11.2015;26,28;;;
05.11.2015;26,27;;;
06.11.2015;26,26;;;
07.11.2015;26,25;;;
08.11.2015;26,24;;;
09.11.2015;26,24;;;
10.11.2015;26,23;;;
11.11.2015;26,22;;;
12.11.2015;26,21;;;
13.11.2015;26,2;;;
14.11.2015;26,19;;;
15.11.2015;26,18;;;
16.11.2015;26,17;;;
17.11.2015;26,16;;;
18.11.2015;26,15;;;
19.11.2015;26,14;;;
20.11.2015;26,14;;;
21.11.2015;26,15;;;
22.11.2015;26,15;;;
23.11.2015;26,17;;;
24.11.2015;26,2;;;
25.11.2015;26,24;;;
26.11.2015;26,3;;;
27.11.2015;26,35;;;
28.11.2015;26,4;;;
29.11.2015;26,43;;;
30.11.2015;26,46;;;
01.12.2015;26,49;;;
02.12.2015;26,52;;;
03.12.2015;26,55;;;
04.12.2015;26,61;;;
05.12.2015;26,67;;;
06.12.2015;26,74;;;
07.12.2015;26,81;;;
08.12.2015;26,86;;;
09.12.2015;26,9;;;
10.12.2015;26,92;;;
11.12.2015;26,94;;;
12.12.2015;26,94;;;
13.12.2015;26,94;;;
14.12.2015;26,94;;;
15.12.2015;26,94;;;
16.12.2015;26,94;;;
17.12.2015;26,94;;;
18.12.2015;26,95;;;
19.12.2015;26,95;;;
20.12.2015;26,95;;;
21.12.2015;26,95;;;
22.12.2015;26,95;;;
23.12.2015;26,95;;;
24.12.2015;26,95;;;
25.12.2015;26,94;;;
26.12.2015;26,94;;;
27.12.2015;26,93;;;
28.12.2015;26,93;;;
29.12.2015;26,92;;;
30.12.2015;26,91;;;
31.12.2015;26,9;;;
01.01.2016;26,88;;;
02.01.2016;26,87;;;
03.01.2016;26,85;;;
04.01.2016;26,84;;;
05.01.2016;26,82;;;
06.01.2016;26,8;;;
07.01.2016;26,79;;;
08.01.2016;26,8;;;
09.01.2016;26,82;;;
10.01.2016;26,85;;;
11.01.2016;26,89;;;
12.01.2016;26,94;;;
13.01.2016;26,98;;;
14.01.2016;27,02;;;
15.01.2016;27,1;;;
16.01.2016;27,18;;;
17.01.2016;27,3;;;
18.01.2016;27,41;;;
19.01.2016;27,51;;;
20.01.2016;27,57;;;
21.01.2016;27,61;;;
22.01.2016;27,63;;;
23.01.2016;27,64;;;
24.01.2016;27,63;;;
25.01.2016;27,63;;;
26.01.2016;27,62;;;
27.01.2016;27,61;;;
28.01.2016;27,6;;;
29.01.2016;27,59;;;
30.01.2016;27,6;;;
31.01.2016;27,6;;;
01.02.2016;27,61;;;
02.02.2016;27,63;;;
03.02.2016;27,66;;;
04.02.2016;27,7;;;
05.02.2016;27,79;;;
06.02.2016;27,94;;;
07.02.2016;28,09;;;
08.02.2016;28,21;;;
09.02.2016;28,29;;;
10.02.2016;28,35;;;
11.02.2016;28,39;;;
12.02.2016;28,47;;;
13.02.2016;28,6;;;
14.02.2016;28,74;;;
15.02.2016;28,83;;;
16.02.2016;28,87;;;
17.02.2016;28,93;;;
18.02.2016;29;;;
19.02.2016;29,02;;;
20.02.2016;29,03;;;
21.02.2016;29,03;;;
22.02.2016;29,01;;;
23.02.2016;29;;;
24.02.2016;29;;;
25.02.2016;29,03;;;
26.02.2016;29,08;;;
27.02.2016;29,15;;;
28.02.2016;29,2;;;
29.02.2016;29,23;;;
01.03.2016;29,23;;;
02.03.2016;29,24;;;
03.03.2016;29,21;;;
04.03.2016;29,17;;;
05.03.2016;29,15;;;
06.03.2016;29,12;;;
07.03.2016;29,11;;;
08.03.2016;29,12;;;
09.03.2016;29,15;;;
10.03.2016;29,17;;;
11.03.2016;29,17;;;
12.03.2016;29,17;;;
13.03.2016;29,15;;;
14.03.2016;29,13;;;
15.03.2016;29,11;;;
16.03.2016;29,08;;;
17.03.2016;29,04;;;
18.03.2016;29,01;;;
19.03.2016;28,96;;;
20.03.2016;28,92;;;
21.03.2016;28,87;;;
22.03.2016;28,82;;;
23.03.2016;28,77;;;
24.03.2016;28,72;;;
25.03.2016;28,67;;;
26.03.2016;28,62;;;
27.03.2016;28,58;;;
28.03.2016;28,53;;;
29.03.2016;28,49;;;
30.03.2016;28,45;;;
31.03.2016;28,41;;;
01.04.2016;28,37;;;
02.04.2016;28,35;;;
03.04.2016;28,34;;;
04.04.2016;28,35;;;
05.04.2016;28,37;;;
06.04.2016;28,38;;;
07.04.2016;28,38;;;
08.04.2016;28,38;;;
09.04.2016;28,39;;;
10.04.2016;28,39;;;
11.04.2016;28,38;;;
12.04.2016;28,36;;;
13.04.2016;28,35;;;
14.04.2016;28,33;;;
15.04.2016;28,31;;;
16.04.2016;28,3;;;
17.04.2016;28,27;;;
18.04.2016;28,25;;;
19.04.2016;28,24;;;
20.04.2016;28,25;;;
21.04.2016;28,29;;;
22.04.2016;28,35;;;
23.04.2016;28,4;;;
24.04.2016;28,44;;;
25.04.2016;28,47;;;
26.04.2016;28,49;;;
27.04.2016;28,49;;;
28.04.2016;28,47;;;
29.04.2016;28,48;;;
30.04.2016;28,49;;;
01.05.2016;28,49;;;
02.05.2016;28,49;;;
03.05.2016;28,49;;;
04.05.2016;28,49;;;
05.05.2016;28,5;;;
06.05.2016;28,52;;;
07.05.2016;28,53;;;
08.05.2016;28,53;;;
09.05.2016;28,52;;;
10.05.2016;28,5;;;
11.05.2016;28,48;;;
12.05.2016;28,46;;;
13.05.2016;28,44;;;
14.05.2016;28,4;;;
15.05.2016;28,36;;;
16.05.2016;28,34;;;
17.05.2016;28,34;;;
18.05.2016;28,36;;;
19.05.2016;28,4;;;
20.05.2016;28,43;;;
21.05.2016;28,46;;;
22.05.2016;28,49;;;
23.05.2016;28,51;;;
24.05.2016;28,51;;;
25.05.2016;28,51;;;
26.05.2016;28,5;;;
27.05.2016;28,5;;;
28.05.2016;28,49;;;
29.05.2016;28,51;;;
30.05.2016;28,52;;;
31.05.2016;28,53;;;
01.06.2016;28,55;;;
02.06.2016;28,64;;;
03.06.2016;28,8;;;
04.06.2016;28,96;;;
05.06.2016;29,1;;;
06.06.2016;29,22;;;
07.06.2016;29,31;;;
08.06.2016;29,39;;;
09.06.2016;29,44;;;
10.06.2016;29,47;;;
11.06.2016;29,47;;;
12.06.2016;29,47;;;
13.06.2016;29,48;;;
14.06.2016;29,48;;;
15.06.2016;29,51;;;
16.06.2016;29,56;;;
17.06.2016;29,62;;;
18.06.2016;29,67;;;
19.06.2016;29,71;;;
20.06.2016;29,76;;;
21.06.2016;29,82;;;
22.06.2016;29,86;;;
23.06.2016;29,9;;;
24.06.2016;29,92;;;
25.06.2016;29,91;;;
26.06.2016;29,91;;;
27.06.2016;29,91;;;
28.06.2016;29,94;;;
29.06.2016;29,97;;;
30.06.2016;29,96;;;
01.07.2016;29,94;;;
02.07.2016;29,93;;;
03.07.2016;29,89;;;
04.07.2016;29,86;;;
05.07.2016;29,83;;;
06.07.2016;29,79;;;
07.07.2016;29,74;;;
08.07.2016;29,71;;;
09.07.2016;29,66;;;
10.07.2016;29,61;;;
11.07.2016;29,57;;;
12.07.2016;29,51;;;
13.07.2016;29,45;;;
14.07.2016;29,39;;;
15.07.2016;29,32;;;
16.07.2016;29,27;;;
17.07.2016;29,23;;;
18.07.2016;29,2;;;
19.07.2016;29,18;;;
20.07.2016;29,17;;;
21.07.2016;29,15;;;
22.07.2016;29,12;;;
23.07.2016;29,09;;;
24.07.2016;29,06;;;
25.07.2016;29,02;;;
26.07.2016;29;;;
27.07.2016;28,97;;;
28.07.2016;28,94;;;
29.07.2016;28,91;;;
30.07.2016;28,87;;;
31.07.2016;28,84;;;
01.08.2016;28,8;;;
02.08.2016;28,77;;;
03.08.2016;28,73;;;
04.08.2016;28,69;;;
05.08.2016;28,65;;;
06.08.2016;28,61;;;
07.08.2016;28,58;;;
08.08.2016;28,55;;;
09.08.2016;28,52;;;
10.08.2016;28,5;;;
11.08.2016;28,49;;;
12.08.2016;28,47;;;
13.08.2016;28,45;;;
14.08.2016;28,42;;;
15.08.2016;28,4;;;
16.08.2016;28,37;;;
17.08.2016;28,35;;;
18.08.2016;28,32;;;
19.08.2016;28,29;;;
20.08.2016;28,25;;;
21.08.2016;28,22;;;
22.08.2016;28,18;;;
23.08.2016;28,14;;;
24.08.2016;28,12;;;
25.08.2016;28,09;;;
26.08.2016;28,07;;;
27.08.2016;28,04;;;
28.08.2016;28,01;;;
29.08.2016;27,98;;;
30.08.2016;27,94;;;
31.08.2016;27,91;;;
01.09.2016;27,88;;;
02.09.2016;27,85;;;
03.09.2016;27,82;;;
04.09.2016;27,79;;;
05.09.2016;27,76;;;
06.09.2016;27,72;;;
07.09.2016;27,69;;;
08.09.2016;27,67;;;
09.09.2016;27,63;;;
10.09.2016;27,61;;;
11.09.2016;27,59;;;
12.09.2016;27,57;;;
13.09.2016;27,55;;;
14.09.2016;27,53;;;
15.09.2016;27,51;;;
16.09.2016;27,49;;;
17.09.2016;27,47;;;
18.09.2016;27,44;;;
19.09.2016;27,42;;;
20.09.2016;27,39;;;
21.09.2016;27,37;;;
22.09.2016;27,35;;;
23.09.2016;27,33;;;
24.09.2016;27,31;;;
25.09.2016;27,3;;;
26.09.2016;27,28;;;
16.11.2016;26,76;;;
17.11.2016;26,78;;;
18.11.2016;26,82;;;
19.11.2016;26,84;;;
20.11.2016;26,87;;;
21.11.2016;26,89;;;
22.11.2016;26,92;;;
23.11.2016;26,94;;;
24.11.2016;26,97;;;
25.11.2016;27,01;;;
26.11.2016;27,04;;;
27.11.2016;27,07;;;
28.11.2016;27,09;;;
29.11.2016;27,09;;;
30.11.2016;27,1;;;
01.12.2016;27,09;;;
02.12.2016;27,09;;;
03.12.2016;27,07;;;
04.12.2016;27,06;;;
05.12.2016;27,04;;;
06.12.2016;27,03;;;
07.12.2016;27,01;;;
08.12.2016;26,99;;;
09.12.2016;26,97;;;
10.12.2016;26,96;;;
11.12.2016;26,94;;;
12.12.2016;26,92;;;
13.12.2016;26,9;;;
14.12.2016;26,88;;;
15.12.2016;26,86;;;
16.12.2016;26,84;;;
17.12.2016;26,82;;;
18.12.2016;26,8;;;
19.12.2016;26,79;;;
20.12.2016;26,77;;;
21.12.2016;26,75;;;
22.12.2016;26,73;;;
23.12.2016;26,71;;;
24.12.2016;26,7;;;
25.12.2016;26,68;;;
26.12.2016;26,66;;;
27.12.2016;26,65;;;
28.12.2016;26,63;;;
29.12.2016;26,62;;;
30.12.2016;26,61;;;
31.12.2016;26,59;;;
01.01.2017;26,58;;;
02.01.2017;26,57;;;
03.01.2017;26,54;;;
04.01.2017;26,52;;;
05.01.2017;26,5;;;
06.01.2017;26,48;;;
07.01.2017;26,47;;;
08.01.2017;26,46;;;
09.01.2017;26,45;;;
10.01.2017;26,43;;;
11.01.2017;26,42;;;
12.01.2017;26,41;;;
13.01.2017;26,4;;;
14.01.2017;26,39;;;
15.01.2017;26,38;;;
16.01.2017;26,38;;;
17.01.2017;26,4;;;
18.01.2017;26,41;;;
19.01.2017;26,43;;;
20.01.2017;26,44;;;
21.01.2017;26,44;;;
22.01.2017;26,44;;;
23.01.2017;26,42;;;
24.01.2017;26,41;;;
25.01.2017;26,4;;;
26.01.2017;26,39;;;
27.01.2017;26,38;;;
28.01.2017;26,37;;;
29.01.2017;26,36;;;
30.01.2017;26,35;;;
31.01.2017;26,34;;;
01.02.2017;26,33;;;
02.02.2017;26,32;;;
03.02.2017;26,32;;;
04.02.2017;26,33;;;
05.02.2017;26,35;;;
06.02.2017;26,38;;;
07.02.2017;26,43;;;
08.02.2017;26,48;;;
09.02.2017;26,53;;;
10.02.2017;26,59;;;
11.02.2017;26,64;;;
12.02.2017;26,68;;;
13.02.2017;26,72;;;
14.02.2017;26,74;;;
15.02.2017;26,76;;;
16.02.2017;26,78;;;
17.02.2017;26,79;;;
18.02.2017;26,8;;;
19.02.2017;26,8;;;
20.02.2017;26,8;;;
21.02.2017;26,8;;;
22.02.2017;26,8;;;
23.02.2017;26,8;;;
24.02.2017;26,81;;;
25.02.2017;26,82;;;
26.02.2017;26,85;;;
27.02.2017;26,88;;;
28.02.2017;26,91;;;
01.03.2017;26,94;;;
02.03.2017;26,97;;;
03.03.2017;26,99;;;
04.03.2017;27,02;;;
05.03.2017;27,05;;;
06.03.2017;27,1;;;
07.03.2017;27,16;;;
08.03.2017;27,22;;;
09.03.2017;27,28;;;
10.03.2017;27,33;;;
11.03.2017;27,39;;;
12.03.2017;27,46;;;
13.03.2017;27,54;;;
14.03.2017;27,62;;;
15.03.2017;27,7;;;
16.03.2017;27,78;;;
17.03.2017;27,83;;;
18.03.2017;27,86;;;
19.03.2017;27,88;;;
20.03.2017;27,88;;;
21.03.2017;27,89;;;
22.03.2017;27,89;;;
23.03.2017;27,91;;;
24.03.2017;27,92;;;
25.03.2017;27,93;;;
26.03.2017;27,94;;;
27.03.2017;27,95;;;
28.03.2017;27,96;;;
29.03.2017;27,95;;;
30.03.2017;27,94;;;
31.03.2017;27,93;;;
01.04.2017;27,91;;;
02.04.2017;27,89;;;
03.04.2017;27,86;;;
04.04.2017;27,84;;;
05.04.2017;27,81;;;
06.04.2017;27,79;;;
07.04.2017;27,76;;;
08.04.2017;27,73;;;
09.04.2017;27,7;;;
10.04.2017;27,68;;;
11.04.2017;27,65;;;
12.04.2017;27,62;;;
13.04.2017;27,59;;;
14.04.2017;27,56;;;
15.04.2017;27,53;;;
16.04.2017;27,49;;;
17.04.2017;27,46;;;
18.04.2017;27,43;;;
19.04.2017;27,39;;;
20.04.2017;27,36;;;
21.04.2017;27,34;;;
22.04.2017;27,32;;;
23.04.2017;27,3;;;
24.04.2017;27,28;;;
25.04.2017;27,27;;;
26.04.2017;27,24;;;
27.04.2017;27,22;;;
28.04.2017;27,2;;;
29.04.2017;27,18;;;
30.04.2017;27,16;;;
01.05.2017;27,15;;;
02.05.2017;27,15;;;
03.05.2017;27,15;;;
04.05.2017;27,16;;;
05.05.2017;27,17;;;
06.05.2017;27,19;;;
07.05.2017;27,22;;;
08.05.2017;27,24;;;
09.05.2017;27,26;;;
10.05.2017;27,28;;;
11.05.2017;27,29;;;
12.05.2017;27,31;;;
13.05.2017;27,33;;;
14.05.2017;27,35;;;
15.05.2017;27,37;;;
16.05.2017;27,39;;;
17.05.2017;27,4;;;
18.05.2017;27,41;;;
19.05.2017;27,42;;;
20.05.2017;27,42;;;
21.05.2017;27,41;;;
22.05.2017;27,42;;;
23.05.2017;27,43;;;
24.05.2017;27,43;;;
25.05.2017;27,44;;;
26.05.2017;27,43;;;
27.05.2017;27,43;;;
28.05.2017;27,42;;;
29.05.2017;27,41;;;
30.05.2017;27,39;;;
31.05.2017;27,37;;;
01.06.2017;27,35;;;
02.06.2017;27,34;;;
03.06.2017;27,32;;;
04.06.2017;27,31;;;
05.06.2017;27,29;;;
06.06.2017;27,3;;;
07.06.2017;27,3;;;
08.06.2017;27,31;;;
09.06.2017;27,33;;;
10.06.2017;27,35;;;
11.06.2017;27,36;;;
12.06.2017;27,37;;;
13.06.2017;27,37;;;
14.06.2017;27,37;;;
15.06.2017;27,36;;;
16.06.2017;27,35;;;
17.06.2017;27,32;;;
18.06.2017;27,31;;;
19.06.2017;27,29;;;
20.06.2017;27,27;;;
21.06.2017;27,25;;;
22.06.2017;27,24;;;
23.06.2017;27,22;;;
24.06.2017;27,2;;;
25.06.2017;27,19;;;
26.06.2017;27,17;;;
27.06.2017;27,16;;;
28.06.2017;27,15;;;
29.06.2017;27,13;;;
30.06.2017;27,11;;;
01.07.2017;27,1;;;
02.07.2017;27,09;;;
03.07.2017;27,08;;;
04.07.2017;27,09;;;
05.07.2017;27,09;;;
06.07.2017;27,09;;;
07.07.2017;27,08;;;
08.07.2017;27,07;;;
09.07.2017;27,07;;;
10.07.2017;27,06;;;
11.07.2017;27,05;;;
12.07.2017;27,04;;;
13.07.2017;27,02;;;
14.07.2017;27,02;;;
15.07.2017;27,02;;;
16.07.2017;27,02;;;
17.07.2017;27,02;;;
18.07.2017;27,01;;;
19.07.2017;27;;;
20.07.2017;26,99;;;
21.07.2017;26,98;;;
22.07.2017;26,97;;;
23.07.2017;26,95;;;
24.07.2017;26,94;;;
25.07.2017;26,93;;;
26.07.2017;26,93;;;
27.07.2017;26,93;;;
28.07.2017;26,94;;;
29.07.2017;26,95;;;
30.07.2017;26,97;;;
31.07.2017;26,99;;;
01.08.2017;27,02;;;
02.08.2017;27,05;;;
03.08.2017;27,07;;;
04.08.2017;27,09;;;
05.08.2017;27,11;;;
06.08.2017;27,12;;;
07.08.2017;27,12;;;
08.08.2017;27,13;;;
09.08.2017;27,12;;;
10.08.2017;27,11;;;
11.08.2017;27,1;;;
12.08.2017;27,09;;;
13.08.2017;27,08;;;
14.08.2017;27,08;;;
15.08.2017;27,11;;;
16.08.2017;27,13;;;
17.08.2017;27,15;;;
18.08.2017;27,17;;;
19.08.2017;27,19;;;
20.08.2017;27,2;;;
21.08.2017;27,21;;;
22.08.2017;27,21;;;
23.08.2017;27,22;;;
24.08.2017;27,21;;;
25.08.2017;27,2;;;
26.08.2017;27,19;;;
27.08.2017;27,18;;;
28.08.2017;27,16;;;
29.08.2017;27,15;;;
30.08.2017;27,14;;;
31.08.2017;27,12;;;
01.09.2017;27,1;;;
02.09.2017;27,09;;;
03.09.2017;27,07;;;
04.09.2017;27,05;;;
05.09.2017;27,03;;;
06.09.2017;27,03;;;
07.09.2017;27,04;;;
08.09.2017;27,06;;;
09.09.2017;27,09;;;
10.09.2017;27,1;;;
11.09.2017;27,11;;;
12.09.2017;27,12;;;
13.09.2017;27,12;;;
14.09.2017;27,12;;;
15.09.2017;27,11;;;
16.09.2017;27,12;;;
17.09.2017;27,13;;;
18.09.2017;27,15;;;
19.09.2017;27,18;;;
20.09.2017;27,2;;;
21.09.2017;27,21;;;
22.09.2017;27,22;;;
23.09.2017;27,23;;;
24.09.2017;27,23;;;
25.09.2017;27,22;;;
26.09.2017;27,21;;;
27.09.2017;27,2;;;
28.09.2017;27,18;;;
29.09.2017;27,17;;;
30.09.2017;27,15;;;
01.10.2017;27,14;;;
02.10.2017;27,13;;;
03.10.2017;27,11;;;
04.10.2017;27,1;;;
05.10.2017;27,09;;;
06.10.2017;27,08;;;
07.10.2017;27,08;;;
08.10.2017;27,1;;;
09.10.2017;27,1;;;
10.10.2017;27,11;;;
11.10.2017;27,12;;;
12.10.2017;27,13;;;
13.10.2017;27,14;;;
14.10.2017;27,15;;;
15.10.2017;27,15;;;
16.10.2017;27,15;;;
17.10.2017;27,15;;;
18.10.2017;27,14;;;
19.10.2017;27,13;;;
20.10.2017;27,11;;;
21.10.2017;27,09;;;
22.10.2017;27,08;;;
23.10.2017;27,06;;;
24.10.2017;27,04;;;
25.10.2017;27,02;;;
26.10.2017;27;;;
27.10.2017;26,98;;;
28.10.2017;26,97;;;
29.10.2017;26,96;;;
30.10.2017;26,94;;;
31.10.2017;26,92;;;
01.11.2017;26,91;;;
02.11.2017;26,9;;;
03.11.2017;26,89;;;
04.11.2017;26,89;;;
05.11.2017;26,88;;;
06.11.2017;26,87;;;
07.11.2017;26,86;;;
08.11.2017;26,86;;;
09.11.2017;26,86;;;
10.11.2017;26,86;;;
11.11.2017;26,86;;;
12.11.2017;26,87;;;
13.11.2017;26,87;;;
14.11.2017;26,88;;;
15.11.2017;26,89;;;
16.11.2017;26,93;;;
17.11.2017;26,99;;;
18.11.2017;27,07;;;
19.11.2017;27,16;;;
20.11.2017;27,22;;;
21.11.2017;27,26;;;
22.11.2017;27,29;;;
23.11.2017;27,31;;;
24.11.2017;27,33;;;
25.11.2017;27,35;;;
26.11.2017;27,36;;;
27.11.2017;27,38;;;
28.11.2017;27,41;;;
29.11.2017;27,44;;;
30.11.2017;27,48;;;
01.12.2017;27,55;;;
02.12.2017;27,61;;;
03.12.2017;27,68;;;
04.12.2017;27,74;;;
05.12.2017;27,78;;;
06.12.2017;27,81;;;
07.12.2017;27,83;;;
08.12.2017;27,84;;;
09.12.2017;27,84;;;
10.12.2017;27,84;;;
11.12.2017;27,86;;;
12.12.2017;27,86;;;
13.12.2017;27,87;;;
14.12.2017;27,93;;;
15.12.2017;28,03;;;
16.12.2017;28,19;;;
17.12.2017;28,38;;;
18.12.2017;28,58;;;
19.12.2017;28,73;;;
20.12.2017;28,86;;;
21.12.2017;28,93;;;
22.12.2017;28,96;;;
23.12.2017;28,97;;;
24.12.2017;28,98;;;
25.12.2017;28,99;;;
26.12.2017;29;;;
27.12.2017;29,01;;;
28.12.2017;28,99;;;
29.12.2017;28,97;;;
30.12.2017;28,96;;;
31.12.2017;28,95;;;
01.01.2018;28,94;;;
02.01.2018;28,95;;;
03.01.2018;29,01;;;
04.01.2018;29,11;;;
05.01.2018;29,27;;;
06.01.2018;29,45;;;
07.01.2018;29,64;;;
08.01.2018;29,86;;;
09.01.2018;30,1;;;
10.01.2018;30,3;;;
11.01.2018;30,43;;;
12.01.2018;30,44;;;
13.01.2018;30,4;;;
14.01.2018;30,34;;;
15.01.2018;30,27;;;
16.01.2018;30,22;;;
17.01.2018;30,15;;;
18.01.2018;30,07;;;
19.01.2018;30,03;;;
20.01.2018;30,02;;;
21.01.2018;30,08;;;
22.01.2018;30,16;;;
23.01.2018;30,24;;;
24.01.2018;30,35;;;
25.01.2018;30,44;;;
26.01.2018;30,53;;;
27.01.2018;30,63;;;
28.01.2018;30,75;;;
29.01.2018;30,84;;;
30.01.2018;30,86;;;
31.01.2018;30,87;;;
01.02.2018;30,83;;;
02.02.2018;30,75;;;
03.02.2018;30,69;;;
04.02.2018;30,68;;;
05.02.2018;30,66;;;
06.02.2018;30,65;;;
07.02.2018;30,62;;;
08.02.2018;30,55;;;
09.02.2018;30,5;;;
10.02.2018;30,44;;;
11.02.2018;30,38;;;
12.02.2018;30,31;;;
13.02.2018;30,23;;;
14.02.2018;30,17;;;
15.02.2018;30,1;;;
16.02.2018;30,02;;;
17.02.2018;29,95;;;
18.02.2018;29,89;;;
19.02.2018;29,83;;;
20.02.2018;29,79;;;
21.02.2018;29,75;;;
22.02.2018;29,73;;;
23.02.2018;29,71;;;
24.02.2018;29,69;;;
25.02.2018;29,65;;;
26.02.2018;29,61;;;
27.02.2018;29,57;;;
28.02.2018;29,53;;;
01.03.2018;29,48;;;
02.03.2018;29,44;;;
03.03.2018;29,38;;;
04.03.2018;29,32;;;
05.03.2018;29,26;;;
06.03.2018;29,2;;;
07.03.2018;29,15;;;
08.03.2018;29,09;;;
09.03.2018;29,04;;;
10.03.2018;29;;;
11.03.2018;28,96;;;
12.03.2018;28,93;;;
13.03.2018;28,9;;;
14.03.2018;28,86;;;
15.03.2018;28,86;;;
16.03.2018;28,85;;;
17.03.2018;28,84;;;
18.03.2018;28,85;;;
19.03.2018;28,85;;;
20.03.2018;28,84;;;
21.03.2018;28,82;;;
22.03.2018;28,82;;;
23.03.2018;28,8;;;
24.03.2018;28,79;;;
25.03.2018;28,76;;;
26.03.2018;28,73;;;
27.03.2018;28,7;;;
28.03.2018;28,68;;;
29.03.2018;28,65;;;
30.03.2018;28,62;;;
31.03.2018;28,59;;;
01.04.2018;28,57;;;
02.04.2018;28,56;;;
03.04.2018;28,57;;;
04.04.2018;28,57;;;
05.04.2018;28,58;;;
06.04.2018;28,56;;;
07.04.2018;28,58;;;
08.04.2018;28,58;;;
09.04.2018;28,59;;;
10.04.2018;28,58;;;
11.04.2018;28,58;;;
12.04.2018;28,55;;;
13.04.2018;28,54;;;
14.04.2018;28,52;;;
15.04.2018;28,51;;;
16.04.2018;28,51;;;
17.04.2018;28,5;;;
18.04.2018;28,46;;;
19.04.2018;28,45;;;
20.04.2018;28,44;;;
21.04.2018;28,43;;;
22.04.2018;28,41;;;
23.04.2018;28,39;;;
24.04.2018;28,36;;;
25.04.2018;28,34;;;
26.04.2018;28,31;;;
27.04.2018;28,29;;;
28.04.2018;28,28;;;
29.04.2018;28,26;;;
30.04.2018;28,25;;;
01.05.2018;28,23;;;
02.05.2018;28,21;;;
03.05.2018;28,2;;;
04.05.2018;28,19;;;
05.05.2018;28,18;;;
06.05.2018;28,16;;;
07.05.2018;28,15;;;
08.05.2018;28,13;;;
09.05.2018;28,11;;;
10.05.2018;28,09;;;
11.05.2018;28,06;;;
12.05.2018;28,04;;;
13.05.2018;28,02;;;
14.05.2018;28;;;
15.05.2018;27,99;;;
16.05.2018;27,98;;;
17.05.2018;27,98;;;
18.05.2018;27,98;;;
19.05.2018;27,99;;;
20.05.2018;27,99;;;
21.05.2018;28;;;
22.05.2018;28,01;;;
23.05.2018;28;;;
24.05.2018;27,99;;;
25.05.2018;27,98;;;
26.05.2018;27,97;;;
27.05.2018;27,96;;;
28.05.2018;27,96;;;
29.05.2018;27,95;;;
30.05.2018;27,94;;;
31.05.2018;27,93;;;
01.06.2018;27,92;;;
02.06.2018;27,91;;;
03.06.2018;27,91;;;
04.06.2018;27,94;;;
05.06.2018;27,97;;;
06.06.2018;27,99;;;
07.06.2018;27,99;;;
08.06.2018;27,99;;;
09.06.2018;27,97;;;
10.06.2018;27,96;;;
11.06.2018;27,96;;;
12.06.2018;27,97;;;
13.06.2018;27,98;;;
14.06.2018;28;;;
15.06.2018;28,02;;;
16.06.2018;28,05;;;
17.06.2018;28,08;;;
18.06.2018;28,1;;;
19.06.2018;28,11;;;
20.06.2018;28,12;;;
21.06.2018;28,11;;;
22.06.2018;28,09;;;
23.06.2018;28,07;;;
24.06.2018;28,05;;;
25.06.2018;28,02;;;
26.06.2018;27,99;;;
27.06.2018;27,96;;;
28.06.2018;27,93;;;
29.06.2018;27,9;;;
30.06.2018;27,87;;;
01.07.2018;27,83;;;
02.07.2018;27,8;;;
03.07.2018;27,77;;;
04.07.2018;27,73;;;
05.07.2018;27,7;;;
06.07.2018;27,67;;;
07.07.2018;27,63;;;
08.07.2018;27,6;;;
09.07.2018;27,58;;;
10.07.2018;27,56;;;
11.07.2018;27,55;;;
12.07.2018;27,53;;;
13.07.2018;27,51;;;
14.07.2018;27,49;;;
15.07.2018;27,47;;;
16.07.2018;27,44;;;
17.07.2018;27,42;;;
18.07.2018;27,39;;;
19.07.2018;27,36;;;
20.07.2018;27,33;;;
21.07.2018;27,3;;;
22.07.2018;27,28;;;
23.07.2018;27,25;;;
24.07.2018;27,22;;;
25.07.2018;27,2;;;
26.07.2018;27,17;;;
27.07.2018;27,15;;;
28.07.2018;27,13;;;
29.07.2018;27,11;;;
30.07.2018;27,09;;;
31.07.2018;27,06;;;
01.08.2018;27,04;;;
02.08.2018;27,01;;;
03.08.2018;26,99;;;
04.08.2018;26,97;;;
05.08.2018;26,94;;;
06.08.2018;26,92;;;
07.08.2018;26,89;;;
08.08.2018;26,87;;;
09.08.2018;26,85;;;
10.08.2018;26,82;;;
11.08.2018;26,8;;;
12.08.2018;26,78;;;
13.08.2018;26,76;;;
14.08.2018;26,74;;;
15.08.2018;26,72;;;
16.08.2018;26,7;;;
17.08.2018;26,69;;;
18.08.2018;26,67;;;
19.08.2018;26,65;;;
20.08.2018;26,64;;;
21.08.2018;26,62;;;
22.08.2018;26,6;;;
23.08.2018;26,59;;;
24.08.2018;26,57;;;
25.08.2018;26,55;;;
26.08.2018;26,53;;;
27.08.2018;26,52;;;
28.08.2018;26,5;;;
29.08.2018;26,48;;;
30.08.2018;26,47;;;
31.08.2018;26,46;;;
01.09.2018;26,45;;;
02.09.2018;26,44;;;
03.09.2018;26,43;;;
04.09.2018;26,42;;;
05.09.2018;26,41;;;
06.09.2018;26,4;;;
07.09.2018;26,4;;;
08.09.2018;26,4;;;
09.09.2018;26,4;;;
10.09.2018;26,4;;;
11.09.2018;26,4;;;
12.09.2018;26,39;;;
13.09.2018;26,39;;;
14.09.2018;26,38;;;
15.09.2018;26,37;;;
16.09.2018;26,37;;;
17.09.2018;26,36;;;
18.09.2018;26,35;;;
19.09.2018;26,34;;;
20.09.2018;26,33;;;
21.09.2018;26,32;;;
22.09.2018;26,31;;;
23.09.2018;26,31;;;
24.09.2018;26,3;;;
25.09.2018;26,29;;;
26.09.2018;26,28;;;
27.09.2018;26,28;;;
28.09.2018;26,28;;;
29.09.2018;26,28;;;
30.09.2018;26,27;;;
01.10.2018;26,27;;;
02.10.2018;26,26;;;
03.10.2018;26,25;;;
04.10.2018;26,24;;;
05.10.2018;26,24;;;
06.10.2018;26,23;;;
07.10.2018;26,22;;;
08.10.2018;26,21;;;
09.10.2018;26,21;;;
10.10.2018;26,2;;;
11.10.2018;26,2;;;
12.10.2018;26,19;;;
13.10.2018;26,18;;;
14.10.2018;26,18;;;
15.10.2018;26,17;;;
16.10.2018;26,16;;;
17.10.2018;26,15;;;
18.10.2018;26,14;;;
19.10.2018;26,14;;;
20.10.2018;26,12;;;
21.10.2018;26,11;;;
22.10.2018;26,1;;;
23.10.2018;26,09;;;
24.10.2018;26,08;;;
25.10.2018;26,07;;;
26.10.2018;26,06;;;
27.10.2018;26,05;;;
28.10.2018;26,04;;;
29.10.2018;26,03;;;
30.10.2018;26,02;;;
31.10.2018;26,01;;;
01.11.2018;26;;;
02.11.2018;25,99;;;
03.11.2018;25,99;;;
04.11.2018;25,99;;;
05.11.2018;25,99;;;
06.11.2018;25,99;;;
07.11.2018;25,99;;;
08.11.2018;25,98;;;
09.11.2018;25,98;;;
10.11.2018;25,97;;;
11.11.2018;25,96;;;
12.11.2018;25,96;;;
13.11.2018;25,95;;;
14.11.2018;25,95;;;
15.11.2018;25,95;;;
16.11.2018;25,95;;;
17.11.2018;25,95;;;
18.11.2018;25,95;;;
19.11.2018;25,94;;;
20.11.2018;25,94;;;
21.11.2018;25,93;;;
22.11.2018;25,93;;;
23.11.2018;25,92;;;
24.11.2018;25,91;;;
25.11.2018;25,91;;;
26.11.2018;25,9;;;
27.11.2018;25,89;;;
28.11.2018;25,89;;;
29.11.2018;25,88;;;
30.11.2018;25,87;;;
01.12.2018;25,87;;;
02.12.2018;25,86;;;
03.12.2018;25,86;;;
04.12.2018;25,86;;;
05.12.2018;25,86;;;
06.12.2018;25,88;;;
07.12.2018;25,9;;;
08.12.2018;25,94;;;
09.12.2018;25,98;;;
10.12.2018;26,02;;;
11.12.2018;26,06;;;
12.12.2018;26,1;;;
13.12.2018;26,15;;;
14.12.2018;26,21;;;
15.12.2018;26,26;;;
16.12.2018;26,32;;;
17.12.2018;26,36;;;
18.12.2018;26,39;;;
19.12.2018;26,41;;;
20.12.2018;26,43;;;
21.12.2018;26,44;;;
22.12.2018;26,45;;;
23.12.2018;26,46;;;
24.12.2018;26,47;;;
25.12.2018;26,49;;;
26.12.2018;26,54;;;
27.12.2018;26,6;;;
28.12.2018;26,69;;;
29.12.2018;26,79;;;
30.12.2018;26,89;;;
31.12.2018;26,98;;;
01.01.2019;27,04;;;
02.01.2019;27,09;;;
03.01.2019;27,12;;;
04.01.2019;27,13;;;
05.01.2019;27,15;;;
06.01.2019;27,15;;;
07.01.2019;27,15;;;
08.01.2019;27,15;;;
09.01.2019;27,15;;;
10.01.2019;27,15;;;
11.01.2019;27,16;;;
12.01.2019;27,18;;;
13.01.2019;27,21;;;
14.01.2019;27,23;;;
15.01.2019;27,25;;;
16.01.2019;27,28;;;
17.01.2019;27,33;;;
18.01.2019;27,39;;;
19.01.2019;27,48;;;
20.01.2019;27,56;;;
21.01.2019;27,61;;;
22.01.2019;27,66;;;
23.01.2019;27,69;;;
24.01.2019;27,7;;;
25.01.2019;27,69;;;
26.01.2019;27,69;;;
27.01.2019;27,69;;;
28.01.2019;27,66;;;
29.01.2019;27,63;;;
30.01.2019;27,63;;;
31.01.2019;27,62;;;
01.02.2019;27,64;;;
02.02.2019;27,64;;;
03.02.2019;27,62;;;
04.02.2019;27,61;;;
05.02.2019;27,62;;;
06.02.2019;27,63;;;
07.02.2019;27,64;;;
08.02.2019;27,63;;;
09.02.2019;27,63;;;
10.02.2019;27,62;;;
11.02.2019;27,61;;;
12.02.2019;27,6;;;
13.02.2019;27,63;;;
14.02.2019;27,68;;;
15.02.2019;27,73;;;
16.02.2019;27,79;;;
17.02.2019;27,82;;;
18.02.2019;27,84;;;
19.02.2019;27,85;;;
20.02.2019;27,84;;;
21.02.2019;27,83;;;
22.02.2019;27,81;;;
23.02.2019;27,78;;;
24.02.2019;27,77;;;
25.02.2019;27,75;;;
26.02.2019;27,73;;;
27.02.2019;27,71;;;
28.02.2019;27,69;;;
01.03.2019;27,67;;;
02.03.2019;27,64;;;
03.03.2019;27,62;;;
04.03.2019;27,6;;;
05.03.2019;27,58;;;
06.03.2019;27,56;;;
07.03.2019;27,57;;;
08.03.2019;27,56;;;
09.03.2019;27,56;;;
10.03.2019;27,56;;;
11.03.2019;27,56;;;
12.03.2019;27,57;;;
13.03.2019;27,6;;;
14.03.2019;27,62;;;
15.03.2019;27,65;;;
16.03.2019;27,69;;;
17.03.2019;27,75;;;
18.03.2019;27,83;;;
19.03.2019;28,02;;;
20.03.2019;28,26;;;
21.03.2019;28,46;;;
22.03.2019;28,59;;;
23.03.2019;28,65;;;
24.03.2019;28,66;;;
25.03.2019;28,65;;;
26.03.2019;28,61;;;
27.03.2019;28,58;;;
28.03.2019;28,54;;;
29.03.2019;28,5;;;
30.03.2019;28,46;;;
31.03.2019;28,42;;;
01.04.2019;28,37;;;
02.04.2019;28,33;;;
03.04.2019;28,3;;;
04.04.2019;28,25;;;
05.04.2019;28,2;;;
06.04.2019;28,16;;;
07.04.2019;28,12;;;
08.04.2019;28,08;;;
09.04.2019;28,05;;;
10.04.2019;28,02;;;
11.04.2019;27,99;;;
12.04.2019;27,97;;;
13.04.2019;27,94;;;
14.04.2019;27,92;;;
15.04.2019;27,9;;;
16.04.2019;27,88;;;
17.04.2019;27,85;;;
18.04.2019;27,83;;;
19.04.2019;27,8;;;
20.04.2019;27,77;;;
21.04.2019;27,74;;;
22.04.2019;27,72;;;
23.04.2019;27,7;;;
24.04.2019;27,67;;;
25.04.2019;27,63;;;
26.04.2019;27,6;;;
27.04.2019;27,57;;;
28.04.2019;27,54;;;
29.04.2019;27,51;;;
30.04.2019;27,49;;;
01.05.2019;27,47;;;
02.05.2019;27,47;;;
03.05.2019;27,46;;;
04.05.2019;27,45;;;
05.05.2019;27,44;;;
06.05.2019;27,42;;;
07.05.2019;27,41;;;
08.05.2019;27,4;;;
09.05.2019;27,4;;;
10.05.2019;27,38;;;
11.05.2019;27,37;;;
12.05.2019;27,35;;;
13.05.2019;27,35;;;
14.05.2019;27,38;;;
15.05.2019;27,42;;;
16.05.2019;27,46;;;
17.05.2019;27,49;;;
18.05.2019;27,51;;;
19.05.2019;27,52;;;
20.05.2019;27,51;;;
21.05.2019;27,5;;;
22.05.2019;27,48;;;
23.05.2019;27,47;;;
24.05.2019;27,49;;;
25.05.2019;27,52;;;
26.05.2019;27,57;;;
27.05.2019;27,64;;;
28.05.2019;27,71;;;
29.05.2019;27,75;;;
30.05.2019;27,78;;;
31.05.2019;27,8;;;
01.06.2019;27,81;;;
02.06.2019;27,83;;;
03.06.2019;27,83;;;
04.06.2019;27,84;;;
05.06.2019;27,84;;;
06.06.2019;27,84;;;
07.06.2019;27,83;;;
08.06.2019;27,82;;;
09.06.2019;27,8;;;
10.06.2019;27,81;;;
11.06.2019;27,8;;;
12.06.2019;27,8;;;
13.06.2019;27,79;;;
14.06.2019;27,79;;;
15.06.2019;27,81;;;
16.06.2019;27,82;;;
17.06.2019;27,84;;;
18.06.2019;27,86;;;
19.06.2019;27,88;;;
20.06.2019;27,9;;;
21.06.2019;27,91;;;
22.06.2019;27,92;;;
23.06.2019;27,94;;;
24.06.2019;27,95;;;
25.06.2019;27,96;;;
26.06.2019;27,97;;;
27.06.2019;27,97;;;
28.06.2019;27,98;;;
29.06.2019;27,98;;;
30.06.2019;27,98;;;
01.07.2019;27,96;;;
02.07.2019;27,94;;;
03.07.2019;27,92;;;
04.07.2019;27,91;;;
05.07.2019;27,89;;;
06.07.2019;27,88;;;
07.07.2019;27,86;;;
08.07.2019;27,84;;;
09.07.2019;27,82;;;
10.07.2019;27,8;;;
11.07.2019;27,78;;;
12.07.2019;27,77;;;
13.07.2019;27,75;;;
14.07.2019;27,73;;;
15.07.2019;27,71;;;
16.07.2019;27,69;;;
17.07.2019;27,68;;;
18.07.2019;27,66;;;
19.07.2019;27,64;;;
20.07.2019;27,62;;;
21.07.2019;27,6;;;
22.07.2019;27,57;;;
23.07.2019;27,55;;;
24.07.2019;27,53;;;
25.07.2019;27,5;;;
26.07.2019;27,48;;;
27.07.2019;27,45;;;
28.07.2019;27,43;;;
29.07.2019;27,39;;;
30.07.2019;27,37;;;
31.07.2019;27,34;;;
01.08.2019;27,32;;;
02.08.2019;27,31;;;
03.08.2019;27,3;;;
04.08.2019;27,3;;;
05.08.2019;27,29;;;
06.08.2019;27,28;;;
07.08.2019;27,27;;;
08.08.2019;27,25;;;
09.08.2019;27,24;;;
10.08.2019;27,22;;;
11.08.2019;27,21;;;
12.08.2019;27,2;;;
13.08.2019;27,2;;;
14.08.2019;27,19;;;
15.08.2019;27,19;;;
16.08.2019;27,18;;;
17.08.2019;27,18;;;
18.08.2019;27,18;;;
19.08.2019;27,18;;;
20.08.2019;27,17;;;
21.08.2019;27,16;;;
22.08.2019;27,15;;;
23.08.2019;27,15;;;
24.08.2019;27,14;;;
25.08.2019;27,14;;;
26.08.2019;27,15;;;
27.08.2019;27,17;;;
28.08.2019;27,19;;;
29.08.2019;27,2;;;
30.08.2019;27,2;;;
31.08.2019;27,2;;;
01.09.2019;27,19;;;
02.09.2019;27,17;;;
03.09.2019;27,16;;;
04.09.2019;27,15;;;
05.09.2019;27,14;;;
06.09.2019;27,13;;;
07.09.2019;27,12;;;
08.09.2019;27,1;;;
09.09.2019;27,09;;;
10.09.2019;27,07;;;
11.09.2019;27,05;;;
12.09.2019;27,04;;;
13.09.2019;27,02;;;
14.09.2019;27,01;;;
15.09.2019;27,01;;;
16.09.2019;27,01;;;
17.09.2019;27;;;
18.09.2019;26,98;;;
19.09.2019;26,97;;;
20.09.2019;26,96;;;
21.09.2019;26,94;;;
22.09.2019;26,93;;;
23.09.2019;26,91;;;
24.09.2019;26,89;;;
25.09.2019;26,87;;;
26.09.2019;26,85;;;
27.09.2019;26,83;;;
28.09.2019;26,82;;;
29.09.2019;26,8;;;
30.09.2019;26,79;;;
01.10.2019;26,78;;;
02.10.2019;26,78;;;
03.10.2019;26,77;;;
04.10.2019;26,76;;;
05.10.2019;26,76;;;
06.10.2019;26,75;;;
07.10.2019;26,74;;;
08.10.2019;26,74;;;
09.10.2019;26,74;;;
10.10.2019;26,75;;;
11.10.2019;26,76;;;
12.10.2019;26,78;;;
13.10.2019;26,8;;;
14.10.2019;26,83;;;
15.10.2019;26,87;;;
16.10.2019;26,9;;;
17.10.2019;26,93;;;
18.10.2019;26,94;;;
19.10.2019;26,96;;;
20.10.2019;26,97;;;
21.10.2019;26,97;;;
22.10.2019;26,98;;;
23.10.2019;27;;;
24.10.2019;27,02;;;
25.10.2019;27,05;;;
26.10.2019;27,08;;;
27.10.2019;27,1;;;
28.10.2019;27,1;;;
29.10.2019;27,11;;;
30.10.2019;27,11;;;
31.10.2019;27,11;;;
01.11.2019;27,11;;;
02.11.2019;27,11;;;
03.11.2019;27,1;;;
04.11.2019;27,09;;;
05.11.2019;27,09;;;
06.11.2019;27,11;;;
07.11.2019;27,12;;;
08.11.2019;27,14;;;
09.11.2019;27,17;;;
10.11.2019;27,21;;;
11.11.2019;27,24;;;
12.11.2019;27,27;;;
13.11.2019;27,3;;;
14.11.2019;27,32;;;
15.11.2019;27,33;;;
16.11.2019;27,33;;;
17.11.2019;27,33;;;
18.11.2019;27,33;;;
19.11.2019;27,33;;;
20.11.2019;27,32;;;
21.11.2019;27,33;;;
22.11.2019;27,33;;;
23.11.2019;27,33;;;
24.11.2019;27,33;;;
25.11.2019;27,32;;;
26.11.2019;27,31;;;
27.11.2019;27,31;;;
28.11.2019;27,3;;;
29.11.2019;27,27;;;
30.11.2019;27,25;;;
01.12.2019;27,23;;;
02.12.2019;27,23;;;
03.12.2019;27,23;;;
04.12.2019;27,25;;;
05.12.2019;27,28;;;
06.12.2019;27,3;;;
07.12.2019;27,33;;;
08.12.2019;27,34;;;
09.12.2019;27,35;;;
10.12.2019;27,33;;;
11.12.2019;27,35;;;
12.12.2019;27,36;;;
13.12.2019;27,38;;;
14.12.2019;27,39;;;
15.12.2019;27,41;;;
16.12.2019;27,44;;;
17.12.2019;27,49;;;
18.12.2019;27,56;;;
19.12.2019;27,63;;;
20.12.2019;27,72;;;
21.12.2019;27,8;;;
22.12.2019;27,86;;;
23.12.2019;27,89;;;
24.12.2019;27,91;;;
25.12.2019;27,95;;;
26.12.2019;27,97;;;
27.12.2019;28,01;;;
28.12.2019;28,04;;;
29.12.2019;28,08;;;
30.12.2019;28,14;;;
31.12.2019;28,19;;;
01.01.2020;28,23;;;
02.01.2020;28,26;;;
03.01.2020;28,27;;;
04.01.2020;28,26;;;
05.01.2020;28,25;;;
06.01.2020;28,24;;;
07.01.2020;28,22;;;
08.01.2020;28,2;;;
09.01.2020;28,18;;;
10.01.2020;28,16;;;
11.01.2020;28,11;;;
12.01.2020;28,09;;;
13.01.2020;28,09;;;
14.01.2020;28,09;;;
15.01.2020;28,07;;;
16.01.2020;28,05;;;
17.01.2020;28,03;;;
18.01.2020;28,01;;;
19.01.2020;27,98;;;
20.01.2020;27,94;;;
21.01.2020;27,91;;;
22.01.2020;27,88;;;
23.01.2020;27,85;;;
24.01.2020;27,82;;;
25.01.2020;27,79;;;
26.01.2020;27,75;;;
27.01.2020;27,72;;;
28.01.2020;27,7;;;
29.01.2020;27,66;;;
30.01.2020;27,62;;;
31.01.2020;27,61;;;
01.02.2020;27,62;;;
02.02.2020;27,63;;;
03.02.2020;27,65;;;
04.02.2020;27,68;;;
05.02.2020;27,71;;;
06.02.2020;27,8;;;
07.02.2020;28,04;;;
08.02.2020;28,37;;;
09.02.2020;28,63;;;
10.02.2020;28,82;;;
11.02.2020;28,87;;;
12.02.2020;28,88;;;
13.02.2020;28,89;;;
14.02.2020;28,93;;;
15.02.2020;28,95;;;
16.02.2020;28,99;;;
17.02.2020;29,01;;;
18.02.2020;29,02;;;
19.02.2020;29,05;;;
20.02.2020;29,06;;;
21.02.2020;29,06;;;
22.02.2020;29,08;;;
23.02.2020;29,09;;;
24.02.2020;29,09;;;
25.02.2020;29,13;;;
26.02.2020;29,13;;;
27.02.2020;29,12;;;
28.02.2020;29,13;;;
29.02.2020;29,18;;;
01.03.2020;29,23;;;
02.03.2020;29,29;;;
03.03.2020;29,37;;;
04.03.2020;29,45;;;
05.03.2020;29,56;;;
06.03.2020;29,67;;;
07.03.2020;29,71;;;
08.03.2020;29,78;;;
09.03.2020;29,88;;;
10.03.2020;29,98;;;
11.03.2020;30,06;;;
12.03.2020;30,1;;;
13.03.2020;30,14;;;
14.03.2020;30,2;;;
15.03.2020;30,25;;;
16.03.2020;30,26;;;
17.03.2020;30,23;;;
18.03.2020;30,2;;;
19.03.2020;30,16;;;
20.03.2020;30,11;;;
21.03.2020;30,05;;;
22.03.2020;29,98;;;
23.03.2020;29,91;;;
24.03.2020;29,86;;;
25.03.2020;29,8;;;
26.03.2020;29,74;;;
27.03.2020;29,68;;;
28.03.2020;29,61;;;
29.03.2020;29,54;;;
30.03.2020;29,46;;;
31.03.2020;29,4;;;
01.04.2020;29,34;;;
02.04.2020;29,29;;;
03.04.2020;29,23;;;
04.04.2020;29,15;;;
05.04.2020;29,09;;;
06.04.2020;29,03;;;
07.04.2020;28,97;;;
08.04.2020;28,91;;;
09.04.2020;28,85;;;
10.04.2020;28,79;;;
11.04.2020;28,73;;;
12.04.2020;28,68;;;
13.04.2020;28,62;;;
14.04.2020;28,56;;;
15.04.2020;28,5;;;
16.04.2020;28,45;;;
17.04.2020;28,4;;;
18.04.2020;28,35;;;
19.04.2020;28,3;;;
20.04.2020;28,25;;;
21.04.2020;28,2;;;
22.04.2020;28,16;;;
23.04.2020;28,11;;;
24.04.2020;28,07;;;
25.04.2020;28,03;;;
26.04.2020;27,99;;;
27.04.2020;27,95;;;
28.04.2020;27,91;;;
29.04.2020;27,87;;;
30.04.2020;27,83;;;
01.05.2020;27,8;;;
02.05.2020;27,76;;;
03.05.2020;27,73;;;
04.05.2020;27,7;;;
05.05.2020;27,69;;;
06.05.2020;27,67;;;
07.05.2020;27,66;;;
08.05.2020;27,65;;;
09.05.2020;27,63;;;
10.05.2020;27,62;;;
11.05.2020;27,6;;;
12.05.2020;27,59;;;
13.05.2020;27,58;;;
14.05.2020;27,57;;;
15.05.2020;27,57;;;
16.05.2020;27,56;;;
17.05.2020;27,56;;;
18.05.2020;27,56;;;
19.05.2020;27,55;;;
20.05.2020;27,54;;;
21.05.2020;27,53;;;
22.05.2020;27,51;;;
23.05.2020;27,49;;;
24.05.2020;27,47;;;
25.05.2020;27,45;;;
26.05.2020;27,42;;;
27.05.2020;27,4;;;
28.05.2020;27,38;;;
29.05.2020;27,37;;;
30.05.2020;27,35;;;
31.05.2020;27,34;;;
01.06.2020;27,32;;;
02.06.2020;27,3;;;
03.06.2020;27,28;;;
04.06.2020;27,26;;;
05.06.2020;27,24;;;
06.06.2020;27,21;;;
07.06.2020;27,19;;;
08.06.2020;27,17;;;
09.06.2020;27,15;;;
10.06.2020;27,14;;;
11.06.2020;27,13;;;
12.06.2020;27,12;;;
13.06.2020;27,11;;;
14.06.2020;27,11;;;
15.06.2020;27,1;;;
16.06.2020;27,11;;;
17.06.2020;27,12;;;
18.06.2020;27,14;;;
19.06.2020;27,15;;;
20.06.2020;27,16;;;
21.06.2020;27,18;;;
22.06.2020;27,2;;;
23.06.2020;27,22;;;
24.06.2020;27,24;;;
25.06.2020;27,26;;;
26.06.2020;27,27;;;
27.06.2020;27,28;;;
28.06.2020;27,27;;;
29.06.2020;27,26;;;
30.06.2020;27,25;;;
01.07.2020;27,24;;;
02.07.2020;27,23;;;
03.07.2020;27,22;;;
04.07.2020;27,22;;;
05.07.2020;27,23;;;
06.07.2020;27,24;;;
07.07.2020;27,24;;;
08.07.2020;27,25;;;
09.07.2020;27,26;;;
10.07.2020;27,26;;;
11.07.2020;27,25;;;
12.07.2020;27,24;;;
13.07.2020;27,23;;;
14.07.2020;27,22;;;
15.07.2020;27,21;;;
16.07.2020;27,19;;;
17.07.2020;27,18;;;
18.07.2020;27,17;;;
19.07.2020;27,16;;;
20.07.2020;27,15;;;
21.07.2020;27,14;;;
22.07.2020;27,13;;;
23.07.2020;27,12;;;
24.07.2020;27,11;;;
25.07.2020;27,1;;;
26.07.2020;27,08;;;
27.07.2020;27,07;;;
28.07.2020;27,05;;;
29.07.2020;27,03;;;
30.07.2020;27,02;;;
31.07.2020;27,01;;;
01.08.2020;27;;;
02.08.2020;26,99;;;
03.08.2020;26,97;;;
04.08.2020;26,96;;;
05.08.2020;26,94;;;
06.08.2020;26,92;;;
07.08.2020;26,9;;;
08.08.2020;26,89;;;
09.08.2020;26,89;;;
10.08.2020;26,9;;;
11.08.2020;26,91;;;
12.08.2020;26,93;;;
13.08.2020;26,93;;;
14.08.2020;26,92;;;
15.08.2020;26,92;;;
16.08.2020;26,92;;;
17.08.2020;26,92;;;
18.08.2020;26,91;;;
19.08.2020;26,9;;;
20.08.2020;26,9;;;
21.08.2020;26,89;;;
22.08.2020;26,89;;;
23.08.2020;26,88;;;
24.08.2020;26,88;;;
25.08.2020;26,87;;;
26.08.2020;26,86;;;
27.08.2020;26,85;;;
28.08.2020;26,84;;;
29.08.2020;26,83;;;
30.08.2020;26,81;;;
31.08.2020;26,79;;;
01.09.2020;26,77;;;
02.09.2020;26,76;;;
03.09.2020;26,74;;;
04.09.2020;26,74;;;
05.09.2020;26,76;;;
06.09.2020;26,78;;;
07.09.2020;26,81;;;
08.09.2020;26,83;;;
09.09.2020;26,84;;;
10.09.2020;26,85;;;
11.09.2020;26,85;;;
12.09.2020;26,84;;;
13.09.2020;26,83;;;
14.09.2020;26,82;;;
15.09.2020;26,81;;;
16.09.2020;26,8;;;
17.09.2020;26,78;;;
18.09.2020;26,77;;;
19.09.2020;26,76;;;
20.09.2020;26,74;;;
21.09.2020;26,73;;;
22.09.2020;26,71;;;
23.09.2020;26,7;;;
24.09.2020;26,68;;;
25.09.2020;26,67;;;
26.09.2020;26,65;;;
27.09.2020;26,64;;;
28.09.2020;26,62;;;
29.09.2020;26,61;;;
30.09.2020;26,61;;;
01.10.2020;26,62;;;
02.10.2020;26,64;;;
03.10.2020;26,65;;;
04.10.2020;26,66;;;
05.10.2020;26,66;;;
06.10.2020;26,66;;;
07.10.2020;26,66;;;
08.10.2020;26,66;;;
09.10.2020;26,68;;;
10.10.2020;26,7;;;
11.10.2020;26,72;;;
12.10.2020;26,75;;;
13.10.2020;26,78;;;
14.10.2020;26,81;;;
15.10.2020;26,84;;;
16.10.2020;26,86;;;
17.10.2020;26,87;;;
18.10.2020;26,88;;;
19.10.2020;26,89;;;
20.10.2020;26,9;;;
21.10.2020;26,9;;;
22.10.2020;26,9;;;
23.10.2020;26,9;;;
24.10.2020;26,89;;;
25.10.2020;26,89;;;
26.10.2020;26,88;;;
27.10.2020;26,87;;;
28.10.2020;26,87;;;
29.10.2020;26,87;;;
30.10.2020;26,88;;;
31.10.2020;26,9;;;
01.11.2020;26,91;;;
02.11.2020;26,94;;;
03.11.2020;26,96;;;
04.11.2020;26,98;;;
05.11.2020;27,01;;;
06.11.2020;27,03;;;
07.11.2020;27,05;;;
08.11.2020;27,06;;;
09.11.2020;27,06;;;
10.11.2020;27,06;;;
11.11.2020;27,06;;;
12.11.2020;27,06;;;
13.11.2020;27,05;;;
14.11.2020;27,04;;;
15.11.2020;27,03;;;
16.11.2020;27,02;;;
17.11.2020;26,99;;;
18.11.2020;26,98;;;
19.11.2020;26,97;;;
20.11.2020;26,95;;;
21.11.2020;26,93;;;
22.11.2020;26,92;;;
23.11.2020;26,9;;;
24.11.2020;26,88;;;
25.11.2020;26,87;;;
26.11.2020;26,86;;;
27.11.2020;26,84;;;
28.11.2020;26,83;;;
29.11.2020;26,81;;;
30.11.2020;26,79;;;
01.12.2020;26,78;;;
02.12.2020;26,76;;;
03.12.2020;26,75;;;
04.12.2020;26,74;;;
05.12.2020;26,72;;;
06.12.2020;26,7;;;
07.12.2020;26,69;;;
08.12.2020;26,69;;;
09.12.2020;26,68;;;
10.12.2020;26,68;;;
11.12.2020;26,67;;;
12.12.2020;26,67;;;
13.12.2020;26,66;;;
14.12.2020;26,66;;;
15.12.2020;26,65;;;
16.12.2020;26,65;;;
17.12.2020;26,65;;;
18.12.2020;26,65;;;
19.12.2020;26,67;;;
20.12.2020;26,68;;;
21.12.2020;26,69;;;
22.12.2020;26,7;;;
23.12.2020;26,71;;;
24.12.2020;26,72;;;
25.12.2020;26,73;;;
26.12.2020;26,75;;;
27.12.2020;26,8;;;
28.12.2020;26,87;;;
29.12.2020;26,95;;;
30.12.2020;27,01;;;
31.12.2020;27,08;;;
01.01.2021;27,14;;;
02.01.2021;27,19;;;
03.01.2021;27,23;;;
04.01.2021;27,26;;;
05.01.2021;27,29;;;
06.01.2021;27,3;;;
07.01.2021;27,3;;;
08.01.2021;27,3;;;
09.01.2021;27,29;;;
14.01.2021;27,21;;;
15.01.2021;27,2;;;
16.01.2021;27,19;;;
17.01.2021;27,2;;;
18.01.2021;27,21;;;
19.01.2021;27,24;;;
20.01.2021;27,29;;;
21.01.2021;27,33;;;
22.01.2021;27,36;;;
23.01.2021;27,39;;;
24.01.2021;27,42;;;
25.01.2021;27,46;;;
26.01.2021;27,51;;;
27.01.2021;27,58;;;
28.01.2021;27,66;;;
29.01.2021;27,73;;;
30.01.2021;27,79;;;
31.01.2021;27,86;;;
01.02.2021;28,02;;;
02.02.2021;28,26;;;
03.02.2021;28,55;;;
04.02.2021;28,83;;;
05.02.2021;29,08;;;
06.02.2021;29,31;;;
07.02.2021;29,54;;;
08.02.2021;29,74;;;
09.02.2021;29,91;;;
10.02.2021;30,05;;;
11.02.2021;30,09;;;
12.02.2021;30,08;;;
13.02.2021;30,03;;;
14.02.2021;29,97;;;
15.02.2021;29,9;;;
16.02.2021;29,87;;;
17.02.2021;29,82;;;
18.02.2021;29,76;;;
19.02.2021;29,69;;;
20.02.2021;29,63;;;
21.02.2021;29,58;;;
22.02.2021;29,54;;;
23.02.2021;29,49;;;
24.02.2021;29,45;;;
25.02.2021;29,41;;;
26.02.2021;29,36;;;
27.02.2021;29,3;;;
28.02.2021;29,25;;;
01.03.2021;29,21;;;
02.03.2021;29,16;;;
03.03.2021;29,11;;;
04.03.2021;29,06;;;
05.03.2021;29,01;;;
06.03.2021;28,95;;;
07.03.2021;28,91;;;
08.03.2021;28,86;;;
09.03.2021;28,81;;;
10.03.2021;28,77;;;
11.03.2021;28,73;;;
12.03.2021;28,69;;;
13.03.2021;28,65;;;
14.03.2021;28,6;;;
15.03.2021;28,56;;;
16.03.2021;28,52;;;
17.03.2021;28,51;;;
18.03.2021;28,51;;;
19.03.2021;28,52;;;
20.03.2021;28,53;;;
21.03.2021;28,54;;;
22.03.2021;28,55;;;
23.03.2021;28,53;;;
24.03.2021;28,52;;;
25.03.2021;28,5;;;
26.03.2021;28,48;;;
27.03.2021;28,46;;;
28.03.2021;28,4;;;
29.03.2021;28,38;;;
30.03.2021;28,33;;;
31.03.2021;28,3;;;
01.04.2021;28,27;;;
02.04.2021;28,23;;;
03.04.2021;28,2;;;
05.04.2021;28,13;;;
06.04.2021;28,11;;;
07.04.2021;28,08;;;
08.04.2021;28,04;;;
09.04.2021;28,02;;;
10.04.2021;27,99;;;
11.04.2021;27,97;;;
12.04.2021;27,93;;;
13.04.2021;27,91;;;
14.04.2021;27,89;;;
15.04.2021;27,88;;;
16.04.2021;27,84;;;
17.04.2021;27,82;;;
18.04.2021;27,81;;;
19.04.2021;27,79;;;
20.04.2021;27,77;;;
21.04.2021;27,75;;;
22.04.2021;27,72;;;
23.04.2021;27,7;;;
24.04.2021;27,67;;;
25.04.2021;27,64;;;
26.04.2021;27,62;;;
27.04.2021;27,59;;;
28.04.2021;27,56;;;
29.04.2021;27,53;;;
30.04.2021;27,5;;;
02.05.2021;27,42;;;
03.05.2021;27,4;;;
04.05.2021;27,39;;;
05.05.2021;27,37;;;
06.05.2021;27,35;;;
07.05.2021;27,33;;;
08.05.2021;27,32;;;
09.05.2021;27,32;;;
10.05.2021;27,31;;;
11.05.2021;27,31;;;
12.05.2021;27,33;;;
13.05.2021;27,34;;;
14.05.2021;27,35;;;
15.05.2021;27,36;;;
16.05.2021;27,38;;;
17.05.2021;27,4;;;
18.05.2021;27,41;;;
19.05.2021;27,43;;;
20.05.2021;27,45;;;
21.05.2021;27,48;;;
22.05.2021;27,51;;;
23.05.2021;27,55;;;
24.05.2021;27,59;;;
25.05.2021;27,63;;;
26.05.2021;27,66;;;
27.05.2021;27,7;;;
28.05.2021;27,72;;;
29.05.2021;27,75;;;
30.05.2021;27,77;;;
31.05.2021;27,79;;;
01.06.2021;27,8;;;
02.06.2021;27,8;;;
03.06.2021;27,79;;;
04.06.2021;27,77;;;
05.06.2021;27,75;;;
06.06.2021;27,73;;;
07.06.2021;27,72;;;
08.06.2021;27,71;;;
09.06.2021;27,72;;;
10.06.2021;27,73;;;
11.06.2021;27,74;;;
12.06.2021;27,76;;;
13.06.2021;27,77;;;
14.06.2021;27,79;;;
15.06.2021;27,81;;;
16.06.2021;27,82;;;
17.06.2021;27,83;;;
18.06.2021;27,82;;;
19.06.2021;27,8;;;
20.06.2021;27,8;;;
21.06.2021;27,78;;;
22.06.2021;27,77;;;
23.06.2021;27,75;;;
24.06.2021;27,74;;;
25.06.2021;27,74;;;
26.06.2021;27,75;;;
27.06.2021;27,77;;;
28.06.2021;27,79;;;
29.06.2021;27,81;;;
30.06.2021;27,86;;;
01.07.2021;27,87;;;
02.07.2021;27,88;;;
03.07.2021;27,91;;;
04.07.2021;27,94;;;
05.07.2021;27,97;;;
06.07.2021;28,01;;;
07.07.2021;28,03;;;
08.07.2021;28,05;;;
09.07.2021;28,06;;;
10.07.2021;28,07;;;
11.07.2021;28,09;;;
12.07.2021;28,1;;;
13.07.2021;28,14;;;
14.07.2021;28,19;;;
15.07.2021;28,38;;;
16.07.2021;28,53;;;
17.07.2021;28,82;;;
18.07.2021;29,11;;;
19.07.2021;29,33;;;
20.07.2021;29,45;;;
21.07.2021;29,53;;;
22.07.2021;29,58;;;
23.07.2021;29,58;;;
24.07.2021;29,57;;;
25.07.2021;29,53;;;
26.07.2021;29,49;;;
27.07.2021;29,45;;;
28.07.2021;29,41;;;
29.07.2021;29,38;;;
30.07.2021;29,35;;;
31.07.2021;29,33;;;
01.08.2021;29,3;;;
02.08.2021;29,27;;;
03.08.2021;29,23;;;
04.08.2021;29,19;;;
05.08.2021;29,16;;;
06.08.2021;29,14;;;
07.08.2021;29,12;;;
08.08.2021;29,11;;;
09.08.2021;29,08;;;
10.08.2021;29,07;;;
11.08.2021;29,05;;;
12.08.2021;29,04;;;
13.08.2021;29,03;;;
14.08.2021;29,02;;;
15.08.2021;29,01;;;
16.08.2021;28,99;;;
17.08.2021;28,96;;;
18.08.2021;28,94;;;
19.08.2021;28,92;;;
20.08.2021;28,9;;;
21.08.2021;28,87;;;
22.08.2021;28,84;;;
23.08.2021;28,81;;;
24.08.2021;28,77;;;
25.08.2021;28,74;;;
26.08.2021;28,72;;;
27.08.2021;28,69;;;
28.08.2021;28,66;;;
29.08.2021;28,64;;;
30.08.2021;28,6;;;
31.08.2021;28,57;;;
01.09.2021;28,53;;;
02.09.2021;28,49;;;
03.09.2021;28,44;;;
04.09.2021;28,4;;;
05.09.2021;28,37;;;
06.09.2021;28,35;;;
07.09.2021;28,32;;;
08.09.2021;28,3;;;
09.09.2021;28,28;;;
10.09.2021;28,24;;;
11.09.2021;28,21;;;
12.09.2021;28,17;;;
13.09.2021;28,14;;;
14.09.2021;28,11;;;
15.09.2021;28,08;;;
16.09.2021;28,05;;;
17.09.2021;28;;;
18.09.2021;27,96;;;
19.09.2021;27,93;;;
20.09.2021;27,9;;;
21.09.2021;27,87;;;
22.09.2021;27,84;;;
23.09.2021;27,81;;;
24.09.2021;27,79;;;
25.09.2021;27,77;;;
26.09.2021;27,74;;;
27.09.2021;27,72;;;
28.09.2021;27,69;;;
29.09.2021;27,67;;;
30.09.2021;27,64;;;
01.10.2021;27,62;;;
02.10.2021;27,6;;;
03.10.2021;27,57;;;
04.10.2021;27,54;;;
05.10.2021;27,51;;;
06.10.2021;27,48;;;
07.10.2021;27,45;;;
08.10.2021;27,42;;;
09.10.2021;27,4;;;
10.10.2021;27,37;;;
11.10.2021;27,35;;;
12.10.2021;27,33;;;
13.10.2021;27,31;;;
14.10.2021;27,29;;;
15.10.2021;27,28;;;
16.10.2021;27,25;;;
17.10.2021;27,23;;;
18.10.2021;27,21;;;
19.10.2021;27,19;;;
20.10.2021;27,17;;;
21.10.2021;27,16;;;
22.10.2021;27,13;;;
23.10.2021;27,11;;;
24.10.2021;27,1;;;
25.10.2021;27,09;;;
26.10.2021;27,08;;;
27.10.2021;27,07;;;
28.10.2021;27,05;;;
29.10.2021;27,04;;;
30.10.2021;27,02;;;
31.10.2021;27;;;
01.11.2021;26,99;;;
02.11.2021;26,97;;;
03.11.2021;26,95;;;
04.11.2021;26,93;;;
05.11.2021;26,91;;;
06.11.2021;26,9;;;
07.11.2021;26,91;;;
08.11.2021;26,91;;;
09.11.2021;26,91;;;
10.11.2021;26,91;;;
11.11.2021;26,91;;;
12.11.2021;26,9;;;
13.11.2021;26,89;;;
14.11.2021;26,88;;;
15.11.2021;26,87;;;
16.11.2021;26,87;;;
17.11.2021;26,87;;;
18.11.2021;26,87;;;
19.11.2021;26,87;;;
20.11.2021;26,87;;;
21.11.2021;26,87;;;
22.11.2021;26,87;;;
23.11.2021;26,87;;;
24.11.2021;26,87;;;
25.11.2021;26,87;;;
26.11.2021;26,87;;;
27.11.2021;26,87;;;
28.11.2021;26,87;;;
29.11.2021;26,87;;;
30.11.2021;26,87;;;
01.12.2021;26,87;;;
02.12.2021;26,87;;;
03.12.2021;26,87;;;
04.12.2021;26,87;;;
05.12.2021;26,87;;;
06.12.2021;26,87;;;
07.12.2021;26,87;;;
08.12.2021;26,87;;;
09.12.2021;26,87;;;
10.12.2021;26,87;;;
11.12.2021;26,92;;;
12.12.2021;26,97;;;
13.12.2021;27;;;
14.12.2021;27,04;;;
15.12.2021;27,07;;;
16.12.2021;27,09;;;
17.12.2021;27,11;;;
18.12.2021;27,13;;;
19.12.2021;27,14;;;
20.12.2021;27,15;;;
21.12.2021;27,15;;;
22.12.2021;27,15;;;
23.12.2021;27,15;;;
24.12.2021;27,15;;;
25.12.2021;27,14;;;
26.12.2021;27,13;;;
27.12.2021;27,12;;;
28.12.2021;27,12;;;
29.12.2021;27,11;;;
30.12.2021;27,13;;;
31.12.2021;27,16;;;
01.01.2022;27,2;;;
02.01.2022;27,28;;;
03.01.2022;27,37;;;
04.01.2022;27,47;;;
05.01.2022;27,57;;;
06.01.2022;27,65;;;
07.01.2022;27,79;;;
08.01.2022;28;;;
09.01.2022;28,21;;;
10.01.2022;28,34;;;
11.01.2022;28,43;;;
12.01.2022;28,53;;;
13.01.2022;28,6;;;
14.01.2022;28,65;;;
15.01.2022;28,67;;;
16.01.2022;28,67;;;
17.01.2022;28,64;;;
18.01.2022;28,62;;;
19.01.2022;28,59;;;
20.01.2022;28,56;;;
21.01.2022;28,52;;;
22.01.2022;28,49;;;
23.01.2022;28,45;;;
24.01.2022;28,42;;;
25.01.2022;28,38;;;
26.01.2022;28,35;;;
27.01.2022;28,32;;;
28.01.2022;28,28;;;
29.01.2022;28,24;;;
30.01.2022;28,21;;;
31.01.2022;28,19;;;
01.02.2022;28,15;;;
02.02.2022;28,12;;;
03.02.2022;28,09;;;
04.02.2022;28,08;;;
05.02.2022;28,07;;;
06.02.2022;28,08;;;
07.02.2022;28,08;;;
08.02.2022;28,09;;;
09.02.2022;28,11;;;
10.02.2022;28,17;;;
11.02.2022;28,23;;;
12.02.2022;28,29;;;
13.02.2022;28,35;;;
14.02.2022;28,39;;;
15.02.2022;28,4;;;
16.02.2022;28,4;;;
17.02.2022;28,41;;;
18.02.2022;28,38;;;
19.02.2022;28,38;;;
20.02.2022;28,39;;;
21.02.2022;28,42;;;
22.02.2022;28,43;;;
23.02.2022;28,46;;;
24.02.2022;28,5;;;
25.02.2022;28,55;;;
26.02.2022;28,58;;;
27.02.2022;28,61;;;
28.02.2022;28,64;;;
01.03.2022;28,65;;;
02.03.2022;28,64;;;
03.03.2022;28,63;;;
04.03.2022;28,61;;;
05.03.2022;28,58;;;
06.03.2022;28,55;;;
07.03.2022;28,51;;;
08.03.2022;28,48;;;
09.03.2022;28,44;;;
10.03.2022;28,4;;;
11.03.2022;28,36;;;
12.03.2022;28,32;;;
13.03.2022;28,27;;;
14.03.2022;28,23;;;
15.03.2022;28,18;;;
16.03.2022;28,14;;;
17.03.2022;28,1;;;
18.03.2022;28,05;;;
19.03.2022;28,02;;;
20.03.2022;27,99;;;
21.03.2022;27,96;;;
22.03.2022;27,93;;;
23.03.2022;27,89;;;
24.03.2022;27,86;;;
25.03.2022;27,82;;;
26.03.2022;27,79;;;
27.03.2022;27,75;;;
28.03.2022;27,72;;;
29.03.2022;27,69;;;
30.03.2022;27,66;;;
31.03.2022;27,63;;;
01.04.2022;27,6;;;
02.04.2022;27,56;;;
03.04.2022;27,53;;;
04.04.2022;27,51;;;
05.04.2022;27,49;;;
06.04.2022;27,48;;;
07.04.2022;27,48;;;
08.04.2022;27,47;;;
09.04.2022;27,46;;;
10.04.2022;27,46;;;
11.04.2022;27,48;;;
12.04.2022;27,54;;;
13.04.2022;27,65;;;
14.04.2022;27,78;;;
15.04.2022;27,87;;;
16.04.2022;27,92;;;
17.04.2022;27,95;;;
18.04.2022;27,97;;;
19.04.2022;27,97;;;
20.04.2022;27,95;;;
21.04.2022;27,94;;;
22.04.2022;27,92;;;
23.04.2022;27,89;;;
24.04.2022;27,87;;;
25.04.2022;27,84;;;
26.04.2022;27,81;;;
27.04.2022;27,78;;;
28.04.2022;27,76;;;
29.04.2022;27,75;;;
30.04.2022;27,75;;;
01.05.2022;27,75;;;
02.05.2022;27,76;;;
03.05.2022;27,75;;;
04.05.2022;27,74;;;
05.05.2022;27,72;;;
06.05.2022;27,7;;;
07.05.2022;27,69;;;
08.05.2022;27,66;;;
09.05.2022;27,64;;;
10.05.2022;27,63;;;
11.05.2022;27,61;;;
12.05.2022;27,6;;;
13.05.2022;27,58;;;
14.05.2022;27,56;;;
15.05.2022;27,54;;;
16.05.2022;27,52;;;
17.05.2022;27,5;;;
18.05.2022;27,49;;;
19.05.2022;27,47;;;
20.05.2022;27,46;;;
21.05.2022;27,45;;;
22.05.2022;27,44;;;
23.05.2022;27,43;;;
24.05.2022;27,43;;;
25.05.2022;27,41;;;
26.05.2022;27,4;;;
27.05.2022;27,4;;;
28.05.2022;27,39;;;
29.05.2022;27,39;;;
30.05.2022;27,39;;;
31.05.2022;27,38;;;
01.06.2022;27,37;;;
02.06.2022;27,36;;;
03.06.2022;27,35;;;
04.06.2022;27,33;;;
05.06.2022;27,31;;;
06.06.2022;27,28;;;
07.06.2022;27,25;;;
08.06.2022;27,23;;;
09.06.2022;27,21;;;
10.06.2022;27,2;;;
11.06.2022;27,19;;;
12.06.2022;27,18;;;
13.06.2022;27,18;;;
14.06.2022;27,17;;;
15.06.2022;27,17;;;
16.06.2022;27,16;;;
17.06.2022;27,14;;;
18.06.2022;27,13;;;
19.06.2022;27,12;;;
20.06.2022;27,1;;;
21.06.2022;27,08;;;
22.06.2022;27,07;;;
23.06.2022;27,05;;;
24.06.2022;27,03;;;
25.06.2022;27,02;;;
26.06.2022;27;;;
27.06.2022;26,99;;;
28.06.2022;26,98;;;
29.06.2022;26,98;;;
30.06.2022;26,99;;;
01.07.2022;26,99;;;
02.07.2022;26,98;;;
03.07.2022;26,98;;;
04.07.2022;26,97;;;
05.07.2022;26,96;;;
06.07.2022;26,95;;;
07.07.2022;26,95;;;
08.07.2022;26,94;;;
09.07.2022;26,93;;;
10.07.2022;26,92;;;
11.07.2022;26,91;;;
12.07.2022;26,9;;;
13.07.2022;26,88;;;
14.07.2022;26,87;;;
15.07.2022;26,86;;;
16.07.2022;26,85;;;
17.07.2022;26,83;;;
18.07.2022;26,81;;;
19.07.2022;26,78;;;
20.07.2022;26,76;;;
21.07.2022;26,74;;;
22.07.2022;26,72;;;
23.07.2022;26,7;;;
24.07.2022;26,68;;;
25.07.2022;26,66;;;
26.07.2022;26,63;;;
27.07.2022;26,61;;;
28.07.2022;26,59;;;
29.07.2022;26,57;;;
30.07.2022;26,55;;;
31.07.2022;26,53;;;
01.08.2022;26,51;;;
02.08.2022;26,48;;;
03.08.2022;26,46;;;
04.08.2022;26,44;;;
05.08.2022;26,42;;;
06.08.2022;26,4;;;
07.08.2022;26,38;;;
08.08.2022;26,36;;;
09.08.2022;26,33;;;
10.08.2022;26,31;;;
11.08.2022;26,3;;;
12.08.2022;26,28;;;
13.08.2022;26,27;;;
14.08.2022;26,25;;;
15.08.2022;26,24;;;
16.08.2022;26,22;;;
17.08.2022;26,21;;;
18.08.2022;26,19;;;
19.08.2022;26,17;;;
20.08.2022;26,15;;;
21.08.2022;26,14;;;
22.08.2022;26,12;;;
23.08.2022;26,11;;;
24.08.2022;26,1;;;
25.08.2022;26,1;;;
26.08.2022;26,1;;;
27.08.2022;26,11;;;
28.08.2022;26,12;;;
29.08.2022;26,13;;;
30.08.2022;26,13;;;
31.08.2022;26,14;;;
01.09.2022;26,14;;;
02.09.2022;26,15;;;
03.09.2022;26,15;;;
04.09.2022;26,14;;;
05.09.2022;26,14;;;
06.09.2022;26,13;;;
07.09.2022;26,13;;;
08.09.2022;26,12;;;
09.09.2022;26,12;;;
10.09.2022;26,12;;;
11.09.2022;26,11;;;
12.09.2022;26,12;;;
13.09.2022;26,12;;;
14.09.2022;26,13;;;
15.09.2022;26,14;;;
16.09.2022;26,15;;;
17.09.2022;26,16;;;
18.09.2022;26,17;;;
19.09.2022;26,19;;;
20.09.2022;26,21;;;
21.09.2022;26,23;;;
22.09.2022;26,25;;;
23.09.2022;26,27;;;
24.09.2022;26,28;;;
25.09.2022;26,29;;;
26.09.2022;26,29;;;
27.09.2022;26,3;;;
28.09.2022;26,29;;;
29.09.2022;26,3;;;
30.09.2022;26,3;;;
01.10.2022;26,31;;;
02.10.2022;26,32;;;
03.10.2022;26,33;;;
04.10.2022;26,36;;;
05.10.2022;26,4;;;
06.10.2022;26,44;;;
07.10.2022;26,49;;;
08.10.2022;26,55;;;
09.10.2022;26,6;;;
10.10.2022;26,64;;;
11.10.2022;26,67;;;
12.10.2022;26,69;;;
13.10.2022;26,7;;;
14.10.2022;26,71;;;
15.10.2022;26,72;;;
16.10.2022;26,71;;;
17.10.2022;26,71;;;
18.10.2022;26,7;;;
19.10.2022;26,71;;;
20.10.2022;26,72;;;
21.10.2022;26,73;;;
22.10.2022;26,74;;;
23.10.2022;26,74;;;
24.10.2022;26,75;;;
25.10.2022;26,75;;;
26.10.2022;26,76;;;
27.10.2022;26,77;;;
28.10.2022;26,78;;;
29.10.2022;26,79;;;
30.10.2022;26,8;;;
31.10.2022;26,81;;;
01.11.2022;26,82;;;
02.11.2022;26,81;;;
03.11.2022;26,81;;;
04.11.2022;26,81;;;
05.11.2022;26,79;;;
06.11.2022;26,79;;;
07.11.2022;26,78;;;
08.11.2022;26,77;;;
09.11.2022;26,77;;;
10.11.2022;26,75;;;
11.11.2022;26,74;;;
12.11.2022;26,73;;;
13.11.2022;26,73;;;
14.11.2022;26,73;;;
15.11.2022;26,73;;;
16.11.2022;26,73;;;
17.11.2022;26,73;;;
18.11.2022;26,72;;;
19.11.2022;26,71;;;
20.11.2022;26,71;;;
21.11.2022;26,73;;;
22.11.2022;26,76;;;
23.11.2022;26,79;;;
24.11.2022;26,83;;;
25.11.2022;26,87;;;
26.11.2022;26,9;;;
27.11.2022;26,94;;;
28.11.2022;26,97;;;
29.11.2022;26,99;;;
30.11.2022;27,01;;;
01.12.2022;27,02;;;
02.12.2022;27,02;;;
03.12.2022;27,02;;;
04.12.2022;27,02;;;
05.12.2022;27,02;;;
06.12.2022;27,01;;;
07.12.2022;27;;;
08.12.2022;27;;;
09.12.2022;26,99;;;
10.12.2022;26,98;;;
11.12.2022;26,96;;;
12.12.2022;26,95;;;
13.12.2022;26,94;;;
14.12.2022;26,93;;;
15.12.2022;26,91;;;
16.12.2022;26,89;;;
17.12.2022;26,87;;;
18.12.2022;26,85;;;
19.12.2022;26,83;;;
20.12.2022;26,82;;;
21.12.2022;26,81;;;
22.12.2022;26,8;;;
23.12.2022;26,79;;;
24.12.2022;26,79;;;
25.12.2022;26,8;;;
26.12.2022;26,84;;;
27.12.2022;26,89;;;
28.12.2022;26,98;;;
29.12.2022;27,08;;;
30.12.2022;27,19;;;
31.12.2022;27,29;;;
01.01.2023;27,37;;;
02.01.2023;27,45;;;
03.01.2023;27,5;;;
04.01.2023;27,56;;;
05.01.2023;27,61;;;
06.01.2023;27,64;;;
07.01.2023;27,66;;;
08.01.2023;27,69;;;
09.01.2023;27,71;;;
10.01.2023;27,71;;;
11.01.2023;27,73;;;
12.01.2023;27,75;;;
13.01.2023;27,79;;;
14.01.2023;27,83;;;
15.01.2023;27,9;;;
16.01.2023;27,99;;;
17.01.2023;28,13;;;
18.01.2023;28,31;;;
19.01.2023;28,5;;;
20.01.2023;28,67;;;
21.01.2023;28,76;;;
22.01.2023;28,79;;;
23.01.2023;28,79;;;
24.01.2023;28,77;;;
25.01.2023;28,74;;;
26.01.2023;28,71;;;
27.01.2023;28,66;;;
28.01.2023;28,61;;;
29.01.2023;28,56;;;
30.01.2023;28,52;;;
31.01.2023;28,48;;;
01.02.2023;28,43;;;
02.02.2023;28,39;;;
03.02.2023;28,34;;;
04.02.2023;28,29;;;
05.02.2023;28,25;;;
06.02.2023;28,22;;;
07.02.2023;28,21;;;
08.02.2023;28,2;;;
09.02.2023;28,19;;;
10.02.2023;28,18;;;
11.02.2023;28,17;;;
12.02.2023;28,14;;;
13.02.2023;28,12;;;
14.02.2023;28,09;;;
15.02.2023;28,06;;;
16.02.2023;28,03;;;
17.02.2023;27,99;;;
18.02.2023;27,95;;;
19.02.2023;27,91;;;
20.02.2023;27,87;;;
21.02.2023;27,83;;;
22.02.2023;27,8;;;
23.02.2023;27,77;;;
24.02.2023;27,74;;;
25.02.2023;27,71;;;
26.02.2023;27,68;;;
27.02.2023;27,65;;;
28.02.2023;27,62;;;
01.03.2023;27,59;;;
02.03.2023;27,57;;;
03.03.2023;27,55;;;
04.03.2023;27,52;;;
05.03.2023;27,49;;;
06.03.2023;27,47;;;
07.03.2023;27,45;;;
08.03.2023;27,42;;;
09.03.2023;27,39;;;
10.03.2023;27,37;;;
11.03.2023;27,34;;;
12.03.2023;27,34;;;
13.03.2023;27,38;;;
14.03.2023;27,44;;;
15.03.2023;27,49;;;
16.03.2023;27,54;;;
17.03.2023;27,6;;;
18.03.2023;27,66;;;
19.03.2023;27,73;;;
20.03.2023;27,79;;;
21.03.2023;27,84;;;
22.03.2023;27,88;;;
23.03.2023;27,9;;;
24.03.2023;27,92;;;
25.03.2023;27,92;;;
26.03.2023;27,91;;;
27.03.2023;27,9;;;
28.03.2023;27,9;;;
29.03.2023;27,93;;;
30.03.2023;27,96;;;
31.03.2023;27,99;;;
01.04.2023;28,02;;;
02.04.2023;28,04;;;
03.04.2023;28,05;;;
04.04.2023;28,1;;;
05.04.2023;28,17;;;
06.04.2023;28,26;;;
07.04.2023;28,35;;;
08.04.2023;28,4;;;
09.04.2023;28,43;;;
10.04.2023;28,45;;;
11.04.2023;28,46;;;
12.04.2023;28,45;;;
13.04.2023;28,44;;;
14.04.2023;28,41;;;
15.04.2023;28,39;;;
16.04.2023;28,37;;;
17.04.2023;28,36;;;
18.04.2023;28,36;;;
19.04.2023;28,35;;;
20.04.2023;28,34;;;
21.04.2023;28,35;;;
22.04.2023;28,36;;;
23.04.2023;28,35;;;
24.04.2023;28,35;;;
25.04.2023;28,33;;;
26.04.2023;28,32;;;
27.04.2023;28,3;;;
28.04.2023;28,3;;;
29.04.2023;28,28;;;
30.04.2023;28,26;;;
01.05.2023;28,25;;;
02.05.2023;28,25;;;
03.05.2023;28,25;;;
04.05.2023;28,27;;;
05.05.2023;28,28;;;
06.05.2023;28,28;;;
07.05.2023;28,28;;;
08.05.2023;28,27;;;
09.05.2023;28,27;;;
10.05.2023;28,27;;;
11.05.2023;28,25;;;
12.05.2023;28,27;;;
13.05.2023;28,29;;;
14.05.2023;28,32;;;
15.05.2023;28,35;;;
16.05.2023;28,39;;;
17.05.2023;28,42;;;
18.05.2023;28,44;;;
19.05.2023;28,46;;;
20.05.2023;28,47;;;
21.05.2023;28,47;;;
22.05.2023;28,48;;;
23.05.2023;28,48;;;
24.05.2023;28,46;;;
25.05.2023;28,45;;;
26.05.2023;28,43;;;
27.05.2023;28,41;;;
28.05.2023;28,4;;;
29.05.2023;28,37;;;
30.05.2023;28,34;;;
31.05.2023;28,31;;;
01.06.2023;28,28;;;
02.06.2023;28,25;;;
03.06.2023;28,19;;;
04.06.2023;28,16;;;
05.06.2023;28,12;;;
06.06.2023;28,09;;;
07.06.2023;28,06;;;
08.06.2023;28,02;;;
09.06.2023;27,99;;;
10.06.2023;27,96;;;
11.06.2023;27,93;;;
12.06.2023;27,9;;;
13.06.2023;27,87;;;
14.06.2023;27,84;;;
15.06.2023;27,8;;;
16.06.2023;27,77;;;
17.06.2023;27,73;;;
18.06.2023;27,7;;;
19.06.2023;27,67;;;
20.06.2023;27,63;;;
21.06.2023;27,6;;;
22.06.2023;27,57;;;
23.06.2023;27,57;;;
24.06.2023;27,52;;;
25.06.2023;27,49;;;
26.06.2023;27,47;;;
27.06.2023;27,45;;;
28.06.2023;27,43;;;
29.06.2023;27,41;;;
30.06.2023;27,39;;;
01.07.2023;27,37;;;
02.07.2023;27,34;;;
03.07.2023;27,31;;;
04.07.2023;27,29;;;
05.07.2023;27,26;;;
06.07.2023;27,24;;;
07.07.2023;27,21;;;
08.07.2023;27,19;;;
09.07.2023;27,17;;;
10.07.2023;27,15;;;
11.07.2023;27,13;;;
12.07.2023;27,11;;;
13.07.2023;27,08;;;
14.07.2023;27,06;;;
15.07.2023;27,04;;;
16.07.2023;27,02;;;
17.07.2023;27;;;
18.07.2023;26,98;;;
19.07.2023;26,97;;;
20.07.2023;26,96;;;
21.07.2023;26,96;;;
22.07.2023;26,94;;;
23.07.2023;26,93;;;
24.07.2023;26,91;;;
25.07.2023;26,9;;;
26.07.2023;26,88;;;
27.07.2023;26,86;;;
28.07.2023;26,85;;;
29.07.2023;26,84;;;
30.07.2023;26,83;;;
31.07.2023;26,84;;;
01.08.2023;26,86;;;
02.08.2023;26,87;;;
